date,float,Close/Last,Open,High,Low
10/20/2023,-173.960000000001,12983.81,13157.77,13177.35,12977.43
10/19/2023,-168.619999999999,13186.18,13354.8,13404.73,13157.33
10/18/2023,-125.380000000001,13314.3,13439.68,13499.74,13275.3
10/17/2023,113.879999999999,13533.75,13419.87,13602.25,13364.74
10/16/2023,114.17,13567.98,13453.81,13598.05,13447.17
10/13/2023,-206.360000000001,13407.23,13613.59,13619.54,13361.85
10/12/2023,-98.25,13574.22,13672.47,13714.14,13491.56
10/11/2023,40.4700000000012,13659.68,13619.21,13671.11,13549.29
10/10/2023,57.0300000000007,13562.84,13505.81,13659.63,13491.81
10/09/2023,158.02,13484.24,13326.22,13509.3,13277.48
10/06/2023,303.66,13431.34,13127.68,13472.27,13099.03
10/05/2023,-8.29000000000087,13219.83,13228.12,13251.18,13087.57
10/04/2023,143.09,13236.01,13092.92,13258.76,13072.51
10/03/2023,-170.210000000001,13059.47,13229.68,13280.04,13008.6
10/02/2023,89.7900000000009,13307.77,13217.98,13364.03,13204.08
09/29/2023,-118.389999999999,13219.32,13337.71,13382.98,13177.09
09/28/2023,157.91,13201.28,13043.37,13270.97,13025.11
09/27/2023,-22.5100000000002,13092.85,13115.36,13156.37,12963.16
09/26/2023,-117.349999999999,13063.61,13180.96,13199.13,13033.4
09/25/2023,98.7799999999988,13271.32,13172.54,13277.83,13132
09/22/2023,-75.3600000000006,13211.81,13287.17,13353.22,13200.64
09/21/2023,-104.08,13223.98,13328.06,13362.23,13222.56
09/20/2023,-241.130000000001,13469.13,13710.26,13727.81,13467.28
09/19/2023,28.75,13678.19,13649.44,13705.15,13578.87
09/18/2023,40.2800000000007,13710.24,13669.96,13751.28,13663.46
09/15/2023,-180.870000000001,13708.33,13889.2,13895.75,13684.24
09/14/2023,36.2899999999991,13926.05,13889.76,13957.57,13810.66
09/13/2023,-8.72999999999956,13813.59,13822.32,13868.57,13733.82
09/12/2023,-85.3299999999999,13773.61,13858.94,13913.6,13763.69
09/11/2023,33.8599999999988,13917.89,13884.03,13937.47,13805.13
09/08/2023,6.82000000000153,13761.53,13754.71,13843.37,13733.18
09/07/2023,73.7199999999993,13748.83,13675.11,13774.63,13642.47
09/06/2023,-116.34,13872.47,13988.81,14001.95,13802.42
09/05/2023,26.4099999999999,14020.95,13994.54,14060.85,13945.65
09/01/2023,-98.1499999999996,14031.81,14129.96,14149.62,13982.42
08/31/2023,-6.57000000000153,14034.97,14041.54,14114.67,14010.48
08/30/2023,57.5399999999991,14019.31,13961.77,14050.82,13924.2
08/29/2023,256.530000000001,13943.76,13687.23,13959.81,13677.06
08/28/2023,9.76999999999862,13705.13,13695.36,13735.98,13626.64
08/25/2023,76.2799999999988,13590.65,13514.37,13633.42,13376.35
08/24/2023,-370.34,13463.97,13834.31,13834.69,13462.84
08/23/2023,188.6,13721.03,13532.43,13757,13532.43
08/22/2023,-88.0799999999999,13505.87,13593.95,13598.77,13484.38
08/21/2023,150.33,13497.59,13347.26,13516.86,13325.59
08/18/2023,100.76,13290.78,13190.02,13335.87,13161.76
08/17/2023,-210.369999999999,13316.93,13527.3,13535.09,13303.45
08/16/2023,-118.540000000001,13474.63,13593.17,13644.32,13473.03
08/15/2023,-129.43,13631.05,13760.48,13774.98,13611.93
08/14/2023,189.33,13788.33,13599,13789.16,13582.49
08/11/2023,-8.60999999999876,13644.85,13653.46,13720.33,13609.98
08/10/2023,-80.2600000000002,13737.99,13818.25,13947.16,13686.51
08/09/2023,-175.59,13722.02,13897.61,13898.54,13698.39
08/08/2023,8.86999999999898,13884.32,13875.45,13899.74,13769.34
08/07/2023,21.9499999999989,13994.4,13972.45,13997.15,13864.92
08/04/2023,-195.92,13909.24,14105.16,14119.22,13897.93
08/03/2023,59.9599999999991,13959.72,13899.76,14032.28,13881.35
08/02/2023,-159.279999999999,13973.45,14132.73,14133.85,13914.81
08/01/2023,8.97999999999956,14283.91,14274.93,14309.21,14215.64
07/31/2023,8.1200000000008,14346.02,14337.9,14370.91,14292.75
07/28/2023,116.83,14316.66,14199.83,14344.35,14188.1
07/27/2023,-269.049999999999,14050.11,14319.16,14360.2,14006.92
07/26/2023,3.76000000000022,14127.28,14123.52,14187.35,14041.95
07/25/2023,51.3199999999997,14144.56,14093.24,14201.91,14092.52
07/24/2023,-22.7599999999984,14058.87,14081.63,14110.15,13997.13
07/21/2023,-115.370000000001,14032.81,14148.18,14179.01,14020.45
07/20/2023,-209.980000000001,14063.31,14273.29,14309.92,14030.62
07/19/2023,-40.5100000000002,14358.02,14398.53,14446.55,14317.09
07/18/2023,141.389999999999,14353.64,14212.25,14396.69,14176.11
07/17/2023,95.0300000000007,14244.95,14149.92,14274.41,14138.01
07/14/2023,-52.9599999999991,14113.7,14166.66,14232.11,14081.96
07/13/2023,117.42,14138.57,14021.15,14163.8,14012.24
07/12/2023,3.31999999999971,13918.96,13915.64,13963.45,13842.13
07/11/2023,50.8900000000012,13760.7,13709.81,13774.83,13643.32
07/10/2023,40.1099999999988,13685.48,13645.37,13692.41,13584.87
07/07/2023,-7.35000000000036,13660.72,13668.07,13804.51,13656.73
07/06/2023,25.8700000000008,13679.04,13653.17,13689.52,13567.25
07/05/2023,19.5499999999993,13791.65,13772.1,13844.5,13764.25
07/03/2023,18.0699999999997,13816.77,13798.7,13839.09,13773.41
06/30/2023,67.9400000000005,13787.92,13719.98,13816.68,13716.16
06/29/2023,-1.03000000000065,13591.33,13592.36,13618.53,13540.26
06/28/2023,85.7299999999996,13591.75,13506.02,13654.14,13495.73
06/27/2023,166.42,13555.67,13389.25,13578.8,13366.97
06/26/2023,-132.959999999999,13335.78,13468.74,13573.57,13334.42
06/23/2023,8.42000000000007,13492.52,13484.1,13572.19,13442.65
06/22/2023,187.200000000001,13630.61,13443.41,13631.85,13441.56
06/21/2023,-118.67,13502.2,13620.87,13638.57,13460.94
06/20/2023,25,13667.29,13642.29,13711.18,13561.84
06/16/2023,-169.5,13689.57,13859.07,13864.06,13680.95
06/15/2023,209.94,13782.82,13572.88,13828.17,13561.37
06/14/2023,55.9200000000001,13626.48,13570.56,13661.74,13455.99
06/13/2023,6.79999999999927,13573.32,13566.52,13594.4,13473.19
06/12/2023,135.549999999999,13461.92,13326.37,13465.91,13302.58
06/09/2023,-53.25,13259.14,13312.39,13385.95,13229.33
06/08/2023,125.25,13238.52,13113.27,13248.6,13101.18
06/07/2023,-190.370000000001,13104.89,13295.26,13361.9,13089.48
06/06/2023,76.8299999999999,13276.42,13199.59,13306.21,13165.65
06/05/2023,-9.04999999999927,13229.43,13238.48,13330.65,13194.95
06/02/2023,50.2900000000009,13240.77,13190.48,13256.21,13125.86
06/01/2023,156.52,13100.98,12944.46,13141.83,12903.63
05/31/2023,-33.0899999999983,12935.29,12968.38,13029.08,12889.37
05/30/2023,-91.6700000000001,13017.43,13109.1,13154.29,12968.12
05/26/2023,239.27,12975.69,12736.42,13001.91,12729.74
05/25/2023,-8.35000000000036,12698.09,12706.44,12736.92,12604.89
05/24/2023,2.27000000000044,12484.16,12481.89,12529.63,12415.85
05/23/2023,-92.6299999999992,12560.25,12652.88,12709.74,12554.43
05/22/2023,56.3400000000001,12720.78,12664.44,12756.22,12655.26
05/19/2023,-51.5599999999995,12657.9,12709.46,12731.73,12624.06
05/18/2023,174.969999999999,12688.84,12513.87,12698.5,12512.26
05/17/2023,111.99,12500.57,12388.58,12514.07,12335.02
05/16/2023,16,12343.05,12327.05,12403.81,12324.52
05/15/2023,-2.48000000000138,12365.21,12367.69,12376.4,12263.35
05/12/2023,-65.7800000000007,12284.74,12350.52,12364.65,12209.58
05/11/2023,7.25,12328.51,12321.26,12347.38,12255.44
05/10/2023,19.7800000000007,12306.44,12286.66,12337.69,12180.86
05/09/2023,-16.2300000000014,12179.55,12195.78,12216.13,12174.06
05/08/2023,25.2399999999998,12256.92,12231.68,12264.99,12178.26
05/05/2023,162.379999999999,12235.41,12073.03,12264.83,12065.72
05/04/2023,-30.9400000000005,11966.4,11997.34,12033.15,11925.37
05/03/2023,-71.7100000000009,12025.33,12097.04,12212.55,12022.46
05/02/2023,-117.51,12080.51,12198.02,12206.58,12015.23
05/01/2023,2.55000000000109,12212.6,12210.05,12261.32,12181.08
04/28/2023,109.039999999999,12226.58,12117.54,12227.72,12082.57
04/27/2023,170.09,12142.24,11972.15,12154.01,11950.92
04/26/2023,-58.8799999999992,11854.35,11913.23,11967.99,11833.07
04/25/2023,-169.65,11799.16,11968.81,11990.46,11798.77
04/24/2023,-16.2699999999986,12037.2,12053.47,12103.58,11960.3
04/21/2023,26.4299999999985,12072.46,12046.03,12097.15,11986.82
04/20/2023,20.4799999999996,12059.56,12039.08,12155.96,12011.95
04/19/2023,93.5499999999993,12157.23,12063.68,12191.1,12060.17
04/18/2023,-81.1499999999996,12153.41,12234.56,12245.43,12110.23
04/17/2023,49.4899999999998,12157.72,12108.23,12159.02,12064.1
04/14/2023,5.55999999999949,12123.47,12117.91,12205.72,12026.55
04/13/2023,168.85,12166.27,11997.42,12178.8,11995.94
04/12/2023,-181.530000000001,11929.34,12110.87,12134.5,11916.54
04/11/2023,-48.3600000000006,12031.88,12080.24,12091.27,12011.4
04/10/2023,109.220000000001,12084.35,11975.13,12084.95,11924.2
04/06/2023,148.879999999999,12087.96,11939.08,12098.5,11898.36
04/05/2023,-84.8999999999996,11996.86,12081.76,12086.75,11931.85
04/04/2023,-82.1599999999999,12126.33,12208.49,12224.68,12081.81
04/03/2023,43.3600000000006,12189.45,12146.09,12196.34,12086.52
03/31/2023,190.369999999999,12221.91,12031.54,12227.93,12030.44
03/30/2023,3.01999999999862,12013.47,12010.45,12044.79,11953.37
03/29/2023,70.6499999999996,11926.24,11855.59,11941.6,11823.35
03/28/2023,-36.6800000000003,11716.08,11752.76,11752.76,11635.03
03/27/2023,-99.7000000000007,11768.84,11868.54,11903.21,11739.05
03/24/2023,76.3399999999983,11823.96,11747.62,11826.23,11670.67
03/23/2023,-23.9200000000001,11787.4,11811.32,11962.69,11684.52
03/22/2023,-187.540000000001,11669.96,11857.5,12013.99,11666.85
03/21/2023,95.3199999999997,11860.11,11764.79,11879.16,11724.91
03/20/2023,61.1500000000015,11675.54,11614.39,11695.55,11550.69
03/17/2023,-65.8299999999999,11630.51,11696.34,11773.11,11562.63
03/16/2023,332.41,11717.28,11384.87,11733.8,11365.49
03/15/2023,36.6999999999989,11434.05,11397.35,11447.9,11238.44
03/14/2023,70.4200000000001,11428.15,11357.73,11467.02,11284.93
03/13/2023,147.380000000001,11188.84,11041.46,11326.73,10982.8
03/10/2023,-186.470000000001,11138.89,11325.36,11373.81,11093.86
03/09/2023,-239.959999999999,11338.35,11578.31,11667.12,11319.98
03/08/2023,22.9099999999999,11576,11553.09,11601.23,11487.75
03/07/2023,-140.65,11530.33,11670.98,11705.96,11512.03
03/06/2023,-61.130000000001,11675.74,11736.87,11827.92,11667.48
03/03/2023,164.360000000001,11689.01,11524.65,11699.63,11514.74
03/02/2023,189.209999999999,11462.98,11273.77,11487.59,11273.61
03/01/2023,-68.1000000000004,11379.48,11447.58,11479,11349.87
02/28/2023,4.4900000000016,11455.54,11451.05,11548.23,11435.39
02/27/2023,-50.210000000001,11466.98,11517.19,11565.23,11444.6
02/24/2023,-9.23999999999978,11394.94,11404.18,11434.36,11334.47
02/23/2023,-46.5300000000007,11590.4,11636.93,11638.98,11432.58
02/22/2023,-10.130000000001,11507.07,11517.2,11582.52,11445.17
02/21/2023,-148.070000000002,11492.3,11640.37,11684.14,11491.18
02/17/2023,9.77000000000044,11787.27,11777.5,11803.22,11673.21
02/16/2023,-40.4799999999996,11855.83,11896.31,12040.34,11853.36
02/15/2023,165.469999999999,12070.59,11905.12,12071.29,11876.82
02/14/2023,151.949999999999,11960.15,11808.2,11999.85,11760.56
02/13/2023,132.700000000001,11891.79,11759.09,11910.92,11719.73
02/10/2023,3.52000000000044,11718.12,11714.6,11775.8,11630.54
02/09/2023,-279.52,11789.58,12069.1,12070.96,11745.11
02/08/2023,-158.6,11910.52,12069.12,12096.39,11890.09
02/07/2023,222.540000000001,12113.79,11891.25,12150.22,11836.78
02/06/2023,-16.9599999999991,11887.45,11904.41,11973.41,11843.49
02/03/2023,60.0900000000001,12006.95,11946.86,12231.31,11946.86
02/02/2023,135.67,12200.82,12065.15,12269.55,12024.14
02/01/2023,243.18,11816.32,11573.14,11904.02,11500.33
01/31/2023,185.969999999999,11584.55,11398.58,11586.01,11398.37
01/30/2023,-118.530000000001,11393.81,11512.34,11553.31,11388.54
01/27/2023,151.24,11621.71,11470.47,11691.89,11470.27
01/26/2023,54.0100000000002,11512.41,11458.4,11516.05,11341.19
01/25/2023,166.83,11313.36,11146.53,11334.22,11069.18
01/24/2023,31.3400000000001,11334.27,11302.93,11378.15,11282.65
01/23/2023,192.469999999999,11364.41,11171.94,11405.5,11144.03
01/20/2023,215.77,11140.43,10924.66,11143.17,10885.65
01/19/2023,-38.1299999999992,10852.27,10890.4,10932.52,10804.57
01/18/2023,-213.94,10957.01,11170.95,11223.41,10952.05
01/17/2023,25.1100000000006,11095.11,11070,11145.44,11024.72
01/13/2023,172.789999999999,11079.16,10906.37,11084.01,10900.16
01/12/2023,31.8400000000001,11001.1,10969.26,11027.75,10797.12
01/11/2023,136.68,10931.67,10794.99,10932.44,10762.73
01/10/2023,134.91,10742.63,10607.72,10743.67,10589.59
01/09/2023,-26.4500000000007,10635.65,10662.1,10807.26,10619.12
01/06/2023,205.330000000002,10569.29,10363.96,10604.14,10265.04
01/05/2023,-85.0699999999997,10305.24,10390.31,10393.22,10295.25
01/04/2023,-9.05999999999949,10458.76,10467.82,10515.22,10337.64
01/03/2023,-175.08,10386.98,10562.06,10613.06,10309.16
12/30/2022,98.1099999999988,10466.48,10368.37,10468.31,10324.7
12/29/2022,156.630000000001,10478.09,10321.46,10502.08,10301.06
12/28/2022,-125.91,10213.29,10339.2,10414.82,10207.47
12/27/2022,-108.960000000001,10353.23,10462.19,10472.32,10340.73
12/23/2022,60.1100000000006,10497.86,10437.75,10514.76,10361.82
12/22/2022,-110.339999999998,10476.12,10586.46,10599.34,10313.32
12/21/2022,117.370000000001,10709.37,10592,10753.57,10569.2
12/20/2022,56.2200000000012,10547.11,10490.89,10609.46,10446.82
12/19/2022,-161.41,10546.03,10707.44,10713.97,10497.55
12/16/2022,-62.2199999999994,10705.41,10767.63,10833.24,10642.1
12/15/2022,-202.09,10810.53,11012.62,11029.57,10775.61
12/14/2022,-77.2000000000007,11170.89,11248.09,11352.09,11065.24
12/13/2022,-286.030000000001,11256.81,11542.84,11571.64,11160.54
12/12/2022,128.26,11143.74,11015.48,11144.67,10984.82
12/09/2022,-33.5499999999993,11004.62,11038.17,11138.7,10999.26
12/08/2022,70.6700000000001,11082,11011.33,11119.16,10939.47
12/07/2022,-5.40000000000146,10958.55,10963.95,11039.81,10910.62
12/06/2022,-213.530000000001,11014.89,11228.42,11241.42,10956.2
12/05/2022,-141.049999999999,11239.94,11380.99,11425.51,11193.02
12/02/2022,153.120000000001,11461.5,11308.38,11492.32,11296.72
12/01/2022,7.28000000000066,11482.45,11475.17,11546.77,11378.75
11/30/2022,472.799999999999,11468,10995.2,11468.47,10966.53
11/29/2022,-76.2399999999998,10983.78,11060.02,11086.02,10944.37
11/28/2022,-98.0699999999997,11049.5,11147.57,11217.75,11020.69
11/25/2022,-4.63999999999942,11226.36,11231,11261.57,11206.38
11/23/2022,110.709999999999,11285.32,11174.61,11310.82,11174.61
11/22/2022,115.85,11174.41,11058.56,11179.87,10975.66
11/21/2022,-66.5,11024.51,11091.01,11128.78,10999.75
11/18/2022,-110.950000000001,11146.06,11257.01,11259.44,11059.16
11/17/2022,136.289999999999,11144.96,11008.67,11198.84,11006.21
11/16/2022,-76.4400000000005,11183.66,11260.1,11286.1,11162.92
11/15/2022,-116.41,11358.41,11474.82,11492.62,11241.15
11/14/2022,-37.6800000000003,11196.22,11233.9,11350.12,11167.17
11/11/2022,198.58,11323.33,11124.75,11352.43,11069.83
11/10/2022,244.98,11114.15,10869.17,11119.11,10779.95
11/09/2022,-178.469999999999,10353.17,10531.64,10564.97,10344.01
11/08/2022,4.67000000000007,10616.2,10611.53,10745.64,10472.73
11/07/2022,47.5799999999999,10564.52,10516.94,10587.96,10428.91
11/04/2022,-72.8899999999994,10475.25,10548.14,10553.63,10262.93
11/03/2022,-56.5100000000002,10342.94,10399.45,10486.01,10319.54
11/02/2022,-360.210000000001,10524.8,10885.01,10993.24,10522.9
11/01/2022,-263.889999999999,10890.85,11154.74,11156.35,10881.19
10/31/2022,-40.2800000000007,10988.15,11028.43,11047.94,10914
10/28/2022,336.25,11102.45,10766.2,11117.04,10766.2
10/27/2022,-179.280000000001,10792.67,10971.95,10998.73,10780.5
10/26/2022,1.96999999999935,10970.99,10969.02,11205.84,10948.38
10/25/2022,202.150000000001,11199.12,10996.97,11210.38,10996.97
10/24/2022,85.5400000000009,10952.61,10867.07,10983.52,10713.33
10/21/2022,283.679999999998,10859.72,10576.04,10875.72,10542.43
10/20/2022,-42.5699999999997,10614.84,10657.41,10837.3,10574.55
10/19/2022,-8.79999999999927,10680.51,10689.31,10808.04,10592.88
10/18/2022,-191.59,10772.4,10963.99,10972.97,10670.12
10/17/2022,100.15,10675.8,10575.65,10696.59,10569.69
10/14/2022,-421.42,10321.39,10742.81,10766.69,10308.81
10/13/2022,517.33,10649.15,10131.82,10697.71,10088.83
10/12/2022,-19.8999999999996,10417.1,10437,10494.53,10372.21
10/11/2022,-58.1800000000003,10426.19,10484.37,10608.84,10351.98
10/10/2022,-117.85,10542.1,10659.95,10669.93,10449.04
10/07/2022,-224.880000000001,10652.4,10877.28,10891.93,10608.52
10/06/2022,-55.7300000000014,11073.31,11129.04,11230.44,11051.27
10/05/2022,125.969999999999,11148.64,11022.67,11210.32,10910.76
10/04/2022,121.690000000001,11176.41,11054.72,11189.96,11044.04
10/03/2022,156.42,10815.43,10659.01,10875.46,10577.89
09/30/2022,-122.089999999998,10575.62,10697.71,10883.04,10572.33
09/29/2022,-156.93,10737.51,10894.44,10899.47,10623.22
09/28/2022,234.119999999999,11051.64,10817.52,11101.5,10776.34
09/27/2022,-125.790000000001,10829.5,10955.29,11040.98,10741.02
09/26/2022,-30.4599999999991,10802.92,10833.38,11024,10789.05
09/23/2022,-84.7600000000002,10867.93,10952.69,10958.29,10732.72
09/22/2022,-100.57,11066.81,11167.38,11203.77,11024.64
09/21/2022,-246.019999999999,11220.19,11466.21,11613.57,11218.99
09/20/2022,-15.0900000000001,11425.05,11440.14,11520.99,11343.72
09/19/2022,196.450000000001,11535.02,11338.57,11538.13,11337.83
09/16/2022,47.1900000000005,11448.4,11401.21,11460.43,11316.92
09/15/2022,-80.8799999999992,11552.36,11633.24,11760.73,11497.11
09/14/2022,39.2700000000004,11719.68,11680.41,11746.83,11602.76
09/13/2022,-275.24,11633.57,11908.81,11957.97,11604.43
09/12/2022,91.4699999999993,12266.41,12174.94,12270.19,12169.28
09/09/2022,153.699999999999,12112.31,11958.61,12132.67,11958.61
09/08/2022,182.269999999999,11862.13,11679.86,11896.73,11660.53
09/07/2022,232.52,11791.9,11559.38,11819.07,11555.08
09/06/2022,-98.1200000000008,11544.91,11643.03,11679.43,11471.5
09/02/2022,-268.279999999999,11630.86,11899.14,11945.91,11573.51
09/01/2022,77.6899999999987,11785.13,11707.44,11798.37,11546.52
08/31/2022,-156.359999999999,11816.2,11972.56,12027.43,11814.17
08/30/2022,-209.92,11883.14,12093.06,12101.85,11790.02
08/29/2022,-3.3799999999992,12017.67,12021.05,12124.87,11981.42
08/26/2022,-488.870000000001,12141.71,12630.58,12655.84,12141.52
08/25/2022,132.9,12639.27,12506.37,12641.26,12471.98
08/24/2022,56.380000000001,12431.53,12375.15,12504.33,12350.16
08/23/2022,0.929999999998472,12381.3,12380.37,12490.85,12352.03
08/22/2022,-141.59,12381.57,12523.16,12538.55,12353.73
08/19/2022,-127.050000000001,12705.22,12832.27,12859.01,12674.87
08/18/2022,27.5499999999993,12965.34,12937.79,13002.66,12873.49
08/17/2022,-30.5099999999984,12938.12,12968.63,13053.51,12863.01
08/16/2022,19.9099999999999,13102.55,13082.64,13181.09,12979.24
08/15/2022,131.42,13128.05,12996.63,13146.06,12993.78
08/12/2022,180.880000000001,13047.19,12866.31,13047.19,12821.22
08/11/2022,-208.040000000001,12779.91,12987.95,13026.24,12760.09
08/10/2022,61.3599999999988,12854.8,12793.44,12861.44,12698.61
08/09/2022,-63.5599999999995,12493.93,12557.49,12582.91,12438.86
08/08/2022,-59.2600000000002,12644.46,12703.72,12855.15,12597.75
08/05/2022,118.75,12657.55,12538.8,12720.44,12525.77
08/04/2022,45.5399999999991,12720.58,12675.04,12736.19,12600.78
08/03/2022,234.289999999999,12668.16,12433.87,12699.64,12425.21
08/02/2022,-131.02,12348.76,12479.78,12503.34,12260.48
08/01/2022,51.0200000000004,12368.98,12317.96,12499.72,12271.98
07/29/2022,151,12390.69,12239.69,12426.26,12181.13
07/28/2022,126.110000000001,12162.59,12036.48,12179.09,11886.67
07/27/2022,276.23,12032.42,11756.19,12081.73,11718.38
07/26/2022,-138.960000000001,11562.57,11701.53,11711.31,11533.37
07/25/2022,-55.2899999999991,11782.67,11837.96,11855.11,11707.53
07/22/2022,-191.26,11834.11,12025.37,12093.02,11767.19
07/21/2022,145.460000000001,12059.61,11914.15,12060.59,11812.72
07/20/2022,171.56,11897.65,11726.09,11939.96,11703.36
07/19/2022,198.15,11713.15,11515,11721.22,11448.97
07/18/2022,-201.59,11360.05,11561.64,11629.03,11322.84
07/15/2022,73.0599999999995,11452.42,11379.36,11454.69,11295.33
07/14/2022,99.9800000000014,11251.19,11151.21,11279.97,11005.93
07/13/2022,191.030000000001,11247.58,11056.55,11325.67,11031.27
07/12/2022,-156.16,11264.73,11420.89,11483.17,11207.08
07/11/2022,-151.889999999999,11372.6,11524.49,11541.1,11348.06
07/08/2022,131.699999999999,11635.31,11503.61,11689.7,11479.77
07/07/2022,198.75,11621.35,11422.6,11644.47,11412.88
07/06/2022,23.9500000000007,11361.85,11337.9,11443.15,11250.32
07/05/2022,358.06,11322.24,10964.18,11323.89,10911.45
07/01/2022,121.02,11127.85,11006.83,11132.55,10922.71
06/30/2022,-19.5100000000002,11028.74,11048.25,11160.92,10850.01
06/29/2022,17.6700000000001,11177.89,11160.22,11226.33,11072.19
06/28/2022,-360.699999999999,11181.54,11542.24,11635.85,11177.68
06/27/2022,-136.470000000001,11524.55,11661.02,11677.49,11487.07
06/24/2022,256.310000000001,11607.62,11351.31,11613.23,11337.78
06/23/2022,94.5100000000002,11232.19,11137.68,11260.27,11046.28
06/22/2022,111.129999999999,11053.08,10941.95,11216.77,10938.06
06/21/2022,95.25,11069.3,10974.05,11164.99,10974.05
06/17/2022,100.800000000001,10798.35,10697.55,10884.71,10638.72
06/16/2022,-159.92,10646.1,10806.02,10831.07,10565.14
06/15/2022,130.75,11099.15,10968.4,11244.26,10866.39
06/14/2022,-69.0799999999999,10828.35,10897.43,10926.81,10733.04
06/13/2022,-177.620000000001,10809.23,10986.85,11071.48,10775.14
06/10/2022,-203.859999999999,11340.02,11543.88,11569.15,11328.27
06/09/2022,-262.24,11754.23,12016.47,12115.06,11751.98
06/08/2022,-61.0100000000002,12086.27,12147.28,12235.78,12052.7
06/07/2022,249.42,12175.23,11925.81,12194.86,11888.61
06/06/2022,-138.959999999999,12061.37,12200.33,12245.4,12004.2
06/03/2022,-84.3900000000012,12012.73,12097.12,12167.44,11966.62
06/02/2022,371.33,12316.9,11945.57,12320.12,11901.45
06/01/2022,-182.43,11994.46,12176.89,12237.94,11901.43
05/31/2022,-56.1500000000015,12081.39,12137.54,12190.08,11942.5
05/27/2022,261.439999999999,12131.13,11869.69,12131.66,11856.82
05/26/2022,330.809999999999,11740.65,11409.84,11796.97,11406.16
05/25/2022,209.709999999999,11434.74,11225.03,11511.9,11211.85
05/24/2022,-61.9899999999998,11264.45,11326.44,11351.61,11092.48
05/23/2022,139.800000000001,11535.27,11395.47,11552.07,11304.56
05/20/2022,-188.049999999999,11354.62,11542.67,11552.21,11035.69
05/19/2022,24.1000000000004,11388.5,11364.4,11562.82,11313.31
05/18/2022,-372.530000000001,11418.15,11790.68,11826.22,11381.69
05/17/2022,96.5400000000009,11984.52,11887.98,11988.43,11754.28
05/16/2022,-64.3499999999986,11662.79,11727.14,11804.59,11627.53
05/13/2022,249.030000000001,11805,11555.97,11856.71,11510.26
05/12/2022,171.709999999999,11370.96,11199.25,11547.33,11108.76
05/11/2022,-281.33,11364.24,11645.57,11844.51,11339.18
05/10/2022,-162.67,11737.67,11900.34,11944.94,11566.28
05/09/2022,-299.780000000001,11623.25,11923.03,11990.61,11574.94
05/06/2022,-102.17,12144.66,12246.83,12358.42,11990.15
05/05/2022,-469.83,12317.69,12787.52,12787.52,12183.56
05/04/2022,390.130000000001,12964.86,12574.73,12985.01,12367.02
05/03/2022,52.3000000000011,12563.76,12511.46,12645.83,12460.99
05/02/2022,204.33,12536.02,12331.69,12542.54,12202.41
04/29/2022,-375.780000000001,12334.64,12710.42,12861.83,12315.74
04/28/2022,158.67,12871.53,12712.86,12948.52,12487.86
04/27/2022,-11.9499999999989,12488.93,12500.88,12703.79,12430.9
04/26/2022,-427.300000000001,12490.74,12918.04,12918.04,12490.74
04/25/2022,255.68,13004.85,12749.17,13011.45,12722.59
04/22/2022,-329.509999999998,12839.29,13168.8,13212.6,12828.02
04/21/2022,-449.050000000001,13174.65,13623.7,13710.69,13140.83
04/20/2022,-212.309999999999,13453.07,13665.38,13678.55,13426.12
04/19/2022,307.219999999999,13619.66,13312.44,13643.97,13281.22
04/18/2022,12.9700000000012,13332.36,13319.39,13414.27,13222.03
04/14/2022,-296.35,13351.08,13647.43,13662.93,13345.22
04/13/2022,270.469999999999,13643.59,13373.12,13679.43,13353.66
04/12/2022,-213.120000000001,13371.57,13584.69,13685.95,13317.74
04/11/2022,-135.330000000002,13411.96,13547.29,13585.08,13401.39
04/08/2022,-119.469999999999,13711,13830.47,13866.06,13693.69
04/07/2022,35.8099999999995,13897.3,13861.49,13978.25,13689.23
04/06/2022,-113.76,13888.82,14002.58,14032.84,13788.9
04/05/2022,-58.1100000000006,14204.17,14262.28,14500.29,14169.12
04/04/2022,228.199999999999,14532.55,14304.35,14534.38,14286.45
04/01/2022,-8.03000000000066,14261.5,14269.53,14306.94,14131.81
03/31/2022,-224.26,14220.52,14444.78,14456.74,14217.72
03/30/2022,-116.32,14442.27,14558.59,14609.25,14383.45
03/29/2022,119.25,14619.64,14500.39,14646.9,14419.4
03/28/2022,177.690000000001,14354.9,14177.21,14356,14101.34
03/25/2022,-25.4200000000001,14169.3,14194.72,14218.76,14010.79
03/24/2022,190.52,14191.84,14001.32,14193.55,13897.2
03/23/2022,-67.75,13922.6,13990.35,14152.14,13921.65
03/22/2022,242.389999999999,14108.82,13866.43,14141.07,13857.29
03/21/2022,-21.9300000000003,13838.46,13860.39,13945.8,13682.55
03/18/2022,329.210000000001,13893.84,13564.63,13899.28,13528.06
03/17/2022,254.060000000001,13614.78,13360.72,13620.8,13317.14
03/16/2022,317.189999999999,13436.55,13119.36,13440.12,12992.2
03/15/2022,263.390000000001,12948.62,12685.23,12973.88,12616.59
03/14/2022,-213.900000000001,12581.22,12795.12,12918.01,12555.35
03/11/2022,-385.960000000001,12843.81,13229.77,13239.35,12830.37
03/10/2022,31.6099999999988,13129.96,13098.35,13163.5,12946.28
03/09/2022,141.849999999999,13255.55,13113.7,13301.16,13039.79
03/08/2022,-4.4900000000016,12795.55,12800.04,13159.44,12670.08
03/07/2022,-497.400000000001,12830.96,13328.36,13353.28,12828.02
03/04/2022,-141.789999999999,13313.44,13455.23,13486.71,13224.98
03/03/2022,-299.65,13537.94,13837.59,13837.59,13472.64
03/02/2022,154.49,13752.02,13597.53,13796.55,13493.9
03/01/2022,-184.240000000002,13532.46,13716.7,13777.04,13441.32
02/28/2022,180.57,13751.4,13570.83,13810.64,13549.9
02/25/2022,209.360000000001,13694.62,13485.26,13696.86,13358.29
02/24/2022,885.700000000001,13473.58,12587.88,13486.11,12587.88
02/23/2022,-474.26,13037.49,13511.75,13533.78,13032.17
02/22/2022,-42.8400000000002,13381.52,13424.36,13618.72,13249.65
02/18/2022,-187.33,13548.07,13735.4,13762.4,13465.56
02/17/2022,-287.470000000001,13716.72,14004.19,14020.82,13704.7
02/16/2022,85.1700000000001,14124.09,14038.92,14163.73,13931.99
02/15/2022,142.58,14139.76,13997.18,14142.49,13976.29
02/14/2022,21.9500000000007,13790.92,13768.97,13921.71,13664.76
02/11/2022,-422.470000000001,13791.15,14213.62,14246.7,13733.16
02/10/2022,-43.0400000000009,14185.64,14228.68,14509.56,14118.2
02/09/2022,122.210000000001,14490.37,14368.16,14490.72,14330.87
02/08/2022,210.02,14194.45,13984.43,14226.48,13934.78
02/07/2022,-103.120000000001,14015.67,14118.79,14236.31,13974.1
02/04/2022,139.530000000001,14098.01,13958.48,14222.76,13850.39
02/03/2022,-167.01,13878.82,14045.83,14207.88,13851.74
02/02/2022,-76.9200000000001,14417.55,14494.47,14504.82,14264.65
02/01/2022,68.5699999999997,14346,14277.43,14358.69,14070.77
01/31/2022,427.689999999999,14239.88,13812.19,14242.9,13767.71
01/28/2022,333.860000000001,13770.57,13436.71,13771.91,13236.56
01/27/2022,-358.209999999999,13352.78,13710.99,13765.91,13322.66
01/26/2022,-329.65,13542.12,13871.77,14002.65,13392.19
01/25/2022,-71.5799999999999,13539.29,13610.87,13781.62,13414.14
01/24/2022,373.629999999999,13855.13,13481.5,13876.61,13094.65
01/21/2022,-277.299999999999,13768.92,14046.22,14171.72,13764.24
01/20/2022,-308.83,14154.02,14462.85,14642.03,14140.78
01/19/2022,-241.959999999999,14340.26,14582.22,14658.89,14331.65
01/18/2022,-174.93,14506.9,14681.83,14740.54,14482.94
01/14/2022,185.73,14893.75,14708.02,14897.68,14689.43
01/13/2022,-438.230000000001,14806.81,15245.04,15259.71,14782.24
01/12/2022,-74.7100000000009,15188.39,15263.1,15319.03,15117.29
01/11/2022,234.190000000001,15153.45,14919.26,15158.71,14837.63
01/10/2022,191.049999999999,14942.83,14751.78,14953.85,14530.23
01/07/2022,-159.82,14935.9,15095.72,15171.02,14877.63
01/06/2022,56.7100000000009,15080.86,15024.15,15198.45,14914.87
01/05/2022,-446.99,15100.17,15547.16,15586.3,15095.18
01/04/2022,-229.42,15622.72,15852.14,15852.14,15512.41
01/03/2022,100.299999999999,15832.8,15732.5,15832.8,15644.09
12/31/2021,-77.9400000000005,15644.97,15722.91,15777.43,15643.93
12/30/2021,-17.4200000000001,15741.56,15758.98,15868.09,15729.16
12/29/2021,-28.7000000000007,15766.22,15794.92,15821.81,15679.85
12/28/2021,-113.480000000001,15781.72,15895.2,15901.47,15757.07
12/27/2021,174.43,15871.26,15696.83,15871.4,15696.83
12/23/2021,108.58,15653.37,15544.79,15697.98,15528.91
12/22/2021,202.73,15521.89,15319.16,15525.97,15303.06
12/21/2021,200.66,15341.09,15140.43,15349.06,15015.03
12/20/2021,47.9400000000005,14980.94,14933,15007.3,14860.04
12/17/2021,132.91,15169.68,15036.77,15288.78,14960.37
12/16/2021,-448.65,15180.43,15629.08,15633.19,15119.49
12/15/2021,334.870000000001,15565.58,15230.71,15575.76,15055.23
12/14/2021,21.6800000000003,15237.64,15215.96,15317.55,15097.35
12/13/2021,-207.99,15413.28,15621.27,15637.06,15408.25
12/10/2021,1.01000000000022,15630.6,15629.59,15677.6,15477.85
12/09/2021,-203.17,15517.37,15720.54,15796.05,15511.12
12/08/2021,96.3400000000001,15786.99,15690.65,15792.64,15618.88
12/07/2021,176.01,15686.92,15510.91,15720.09,15507.66
12/06/2021,107.52,15225.15,15117.63,15281.99,14931.61
12/03/2021,-343.24,15085.47,15428.71,15470.36,14931.06
12/02/2021,199.5,15381.32,15181.82,15444.54,15150.12
12/01/2021,-498.220000000001,15254.05,15752.27,15816.82,15243.93
11/30/2021,-178.81,15537.69,15716.5,15828.2,15451.39
11/29/2021,63.4099999999999,15782.83,15719.42,15833.11,15644.61
11/26/2021,-172.719999999999,15491.66,15664.38,15731.54,15456.09
11/24/2021,167.35,15845.23,15677.88,15848.56,15591.36
11/23/2021,-34.3600000000006,15775.14,15809.5,15895.86,15601.46
11/22/2021,-266.16,15854.76,16120.92,16212.23,15851.04
11/19/2021,15.2800000000007,16057.44,16042.16,16121.12,16017.23
11/18/2021,20.3199999999997,15993.71,15973.39,16010.88,15848.83
11/17/2021,-52.0500000000011,15921.57,15973.62,15998.57,15909.39
11/16/2021,133.540000000001,15973.86,15840.32,15989.61,15825
11/15/2021,-40.9699999999994,15853.85,15894.82,15918.45,15778.31
11/12/2021,108.339999999998,15860.96,15752.62,15874.57,15705.38
11/11/2021,-47.7999999999993,15704.28,15752.08,15768.03,15695.77
11/10/2021,-131.130000000001,15622.71,15753.84,15867.24,15543.68
11/09/2021,-137.589999999998,15886.54,16024.13,16035.21,15836.68
11/08/2021,-13.3599999999988,15982.36,15995.72,16038.23,15961.81
11/05/2021,-31.9699999999993,15971.59,16003.56,16053.39,15900.78
11/04/2021,90.5699999999997,15940.31,15849.74,15966.09,15827.66
11/03/2021,153.059999999999,15811.58,15658.52,15821.57,15616.44
11/02/2021,65.6200000000008,15649.6,15583.98,15656.6,15569.27
11/01/2021,54.6599999999999,15595.92,15541.26,15598.95,15470.82
10/29/2021,175.099999999999,15498.39,15323.29,15504.12,15323.29
10/28/2021,143.380000000001,15448.12,15304.74,15452.3,15290.31
10/27/2021,-40.1599999999999,15235.84,15276,15364.54,15235.84
10/26/2021,-81.7900000000009,15235.71,15317.5,15384,15198.23
10/25/2021,61.1899999999987,15226.71,15165.52,15259.63,15070.75
10/22/2021,-67.8599999999988,15090.2,15158.06,15193.01,15021.02
10/21/2021,110.900000000001,15215.7,15104.8,15222.25,15094.14
10/20/2021,-38.3199999999997,15121.68,15160,15178.39,15071.15
10/19/2021,55.9600000000009,15129.09,15073.13,15137.85,15049.73
10/18/2021,182.07,15021.81,14839.74,15026.68,14833.28
10/15/2021,6.10000000000036,14897.34,14891.24,14904.98,14847.96
10/14/2021,105.93,14823.43,14717.5,14827.56,14699.52
10/13/2021,34.4699999999993,14571.64,14537.17,14589.28,14471.87
10/12/2021,-73.1700000000001,14465.92,14539.09,14552.71,14441.6
10/11/2021,-53.8799999999992,14486.2,14540.08,14665.99,14482.61
10/08/2021,-115.179999999998,14579.54,14694.72,14699.91,14569.68
10/07/2021,22.2200000000012,14654.02,14631.8,14755.72,14615.14
10/06/2021,212.459999999999,14501.91,14289.45,14509.55,14259.07
10/05/2021,120.969999999999,14433.83,14312.86,14508.65,14299.78
10/04/2021,-237.640000000001,14255.48,14493.12,14499.74,14181.69
10/01/2021,71.7700000000004,14566.7,14494.93,14606.82,14324.01
09/30/2021,-134.02,14448.58,14582.6,14632.36,14444.3
09/29/2021,-102.439999999999,14512.44,14614.88,14676.62,14493.67
09/28/2021,-240.529999999999,14546.68,14787.21,14817.74,14539.88
09/27/2021,15.7899999999991,14969.97,14954.18,15003.16,14864.96
09/24/2021,86.0900000000001,15047.7,14961.61,15067.56,14946.57
09/23/2021,92.2399999999998,15052.24,14960,15085.44,14932.51
09/22/2021,96.2600000000002,14896.85,14800.59,14950.12,14767.01
09/21/2021,-56.960000000001,14746.4,14803.36,14847.03,14696.47
09/20/2021,-44.2399999999998,14713.9,14758.14,14841.82,14530.07
09/17/2021,-119.380000000001,15043.97,15163.35,15166.56,14998.73
09/16/2021,61.8299999999999,15181.92,15120.09,15205.5,15047.14
09/15/2021,90.1900000000005,15161.53,15071.34,15174.38,14984.68
09/14/2021,-130.690000000001,15037.76,15168.45,15181.19,15008.3
09/13/2021,-105.85,15105.58,15211.43,15215.44,15030.85
09/10/2021,-217.43,15115.49,15332.92,15349.47,15111.31
09/09/2021,-47.8099999999995,15248.25,15296.06,15352.38,15245.17
09/08/2021,-73.7100000000009,15286.64,15360.35,15360.35,15206.61
09/07/2021,-1.64999999999964,15374.33,15375.98,15403.44,15343.28
09/03/2021,50.1100000000006,15363.52,15313.41,15375.56,15283.67
09/02/2021,-27.2899999999991,15331.18,15358.47,15380.07,15285.35
09/01/2021,0.399999999999636,15309.38,15308.98,15379.5,15302.11
08/31/2021,-3.63999999999942,15259.24,15262.88,15278.96,15202.67
08/30/2021,99.9499999999989,15265.89,15165.94,15288.08,15165.12
08/27/2021,159.73,15129.5,14969.77,15144.48,14966.52
08/26/2021,-79.3600000000006,14945.81,15025.17,15059.63,14939.56
08/25/2021,2.82999999999993,15041.86,15039.03,15059.43,15011.58
08/24/2021,41.6599999999999,15019.8,14978.14,15034.89,14965.54
08/23/2021,165.67,14942.65,14776.98,14963.47,14776.98
08/20/2021,143.129999999999,14714.66,14571.53,14722.16,14571.53
08/19/2021,118.630000000001,14541.79,14423.16,14610.76,14423.16
08/18/2021,-110.33,14525.91,14636.24,14697.25,14516.3
08/17/2021,-14.3799999999992,14656.18,14670.56,14716.95,14550.88
08/16/2021,22.2299999999996,14793.76,14771.53,14794.68,14610.02
08/13/2021,-2.17000000000007,14822.9,14825.07,14850.61,14797.22
08/12/2021,64.8999999999996,14816.26,14751.36,14824.31,14698.94
08/11/2021,-69.2399999999998,14765.14,14834.38,14842.5,14692.41
08/10/2021,-99.6499999999996,14788.09,14887.74,14894.61,14754.48
08/09/2021,4.42000000000007,14860.18,14855.76,14883.81,14802.69
08/06/2021,-28.4599999999991,14835.76,14864.22,14890.18,14788.59
08/05/2021,101.040000000001,14895.12,14794.08,14896.47,14776.03
08/04/2021,33.3200000000015,14780.53,14747.21,14812.37,14734.12
08/03/2021,47.3000000000011,14761.29,14713.99,14762.6,14584.09
08/02/2021,8.38999999999942,14681.07,14672.68,14770.41,14665.67
07/30/2021,56.8299999999999,14672.68,14615.85,14728.78,14615.85
07/29/2021,7.09000000000015,14778.26,14771.17,14833.74,14761.38
07/28/2021,-20.9600000000009,14762.58,14783.54,14798.88,14645.63
07/27/2021,-147.370000000001,14660.58,14807.95,14811.08,14503.76
07/26/2021,19.6799999999985,14840.71,14821.03,14863.65,14790.49
07/23/2021,83.9300000000003,14836.99,14753.06,14846.06,14698.77
07/22/2021,31.880000000001,14684.6,14652.72,14694.19,14617.87
07/21/2021,123.200000000001,14631.95,14508.75,14633.14,14498.65
07/20/2021,168.42,14498.88,14330.46,14555.75,14271.23
07/19/2021,39,14274.98,14235.98,14313.6,14178.66
07/16/2021,-170.27,14427.24,14597.51,14623.02,14413.32
07/15/2021,-92.6500000000015,14543.13,14635.78,14650.37,14451.8
07/14/2021,-135.949999999999,14644.95,14780.9,14790.55,14632.95
07/13/2021,-37.4799999999996,14677.65,14715.13,14803.68,14660.19
07/12/2021,-10.6200000000008,14733.24,14743.86,14761.08,14672.63
07/09/2021,40.5,14701.92,14661.42,14710.2,14552.26
07/08/2021,150.58,14559.78,14409.2,14610.06,14371.59
07/07/2021,-88.3500000000004,14665.06,14753.41,14755.33,14580.79
07/06/2021,2.09000000000015,14663.64,14661.55,14687,14529.8
07/02/2021,56.3500000000004,14639.33,14582.98,14649.11,14555.34
07/01/2021,28.6899999999987,14522.38,14493.69,14533.55,14439.4
06/30/2021,-5.89999999999964,14503.95,14509.85,14526.81,14478.06
06/29/2021,19.1399999999994,14528.33,14509.19,14535.97,14471.38
06/28/2021,82.7000000000007,14500.51,14417.81,14505.19,14417.2
06/25/2021,-40.4200000000001,14360.39,14400.81,14409.08,14337.65
06/24/2021,12.4399999999987,14369.71,14357.27,14414.46,14333.7
06/23/2021,8.35000000000036,14271.73,14263.38,14317.66,14246.3
06/22/2021,114.98,14253.27,14138.29,14269.77,14121
06/21/2021,94.0599999999995,14141.48,14047.42,14150.78,13960.04
06/18/2021,-66.5500000000011,14030.38,14096.93,14129.22,14009.04
06/17/2021,162.220000000001,14161.35,13999.13,14196.21,13998.93
06/16/2021,-45.869999999999,14039.68,14085.55,14129.69,13903.73
06/15/2021,-93.7799999999988,14072.86,14166.64,14171.02,14052.16
06/14/2021,90.6700000000001,14174.14,14083.47,14175.45,14056.67
06/11/2021,38.5699999999997,14069.42,14030.85,14069.42,14006.59
06/10/2021,86.4500000000007,14020.33,13933.88,14031.19,13904.4
06/09/2021,-68.4799999999996,13911.75,13980.23,14003.5,13906.45
06/08/2021,-21.4099999999999,13924.91,13946.32,13981.72,13831.98
06/07/2021,78.8999999999996,13881.72,13802.82,13889.11,13784.89
06/04/2021,117.24,13814.49,13697.25,13826.82,13692.01
06/03/2021,-41.2399999999998,13614.51,13655.75,13684.13,13548.93
06/02/2021,13.0900000000001,13756.33,13743.24,13775.89,13689.74
06/01/2021,-92.5799999999999,13736.48,13829.06,13836.17,13678.77
05/28/2021,-43.3099999999995,13748.74,13792.05,13820.87,13747.61
05/27/2021,-6.29999999999927,13736.28,13742.58,13776.52,13701.63
05/26/2021,44.0599999999995,13738,13693.94,13750.16,13679.59
05/25/2021,-64.3700000000008,13657.17,13721.54,13751.14,13631.8
05/24/2021,0,13661.17,13661.17,13708.85,13551.01
05/21/2021,-145.200000000001,13470.99,13616.19,13616.58,13463.26
05/20/2021,179.110000000001,13535.74,13356.63,13563.52,13355.71
05/19/2021,221.549999999999,13299.74,13078.19,13304.61,13072.23
05/18/2021,-113.26,13303.64,13416.9,13485.34,13299.93
05/17/2021,10.25,13379.05,13368.8,13399.17,13265.4
05/14/2021,123.4,13379.05,13255.65,13460.88,13242.97
05/13/2021,-25.9500000000007,13124.99,13150.94,13247.87,13007.24
05/12/2021,-183.81,13031.68,13215.49,13288.61,13002.54
05/11/2021,25.4400000000005,13389.43,13363.99,13423.31,13107.67
05/10/2021,-285.73,13401.86,13687.59,13687.93,13401.74
05/07/2021,29.1499999999996,13752.24,13723.09,13828.62,13690.75
05/06/2021,75.0100000000002,13632.84,13557.83,13635.73,13439.39
05/05/2021,-148.709999999999,13582.42,13731.13,13753.05,13553.93
05/04/2021,-141.01,13633.5,13774.51,13795.57,13485.59
05/03/2021,-136.65,13895.12,14031.77,14042.12,13881.51
04/30/2021,-8.04999999999927,13962.68,13970.73,14084.76,13941.63
04/29/2021,-121.960000000001,14082.55,14204.51,14211.57,13952.8
04/28/2021,-31.75,14051.03,14082.78,14133.65,14034.7
04/27/2021,-80.6900000000005,14090.22,14170.91,14171.24,14064.28
04/26/2021,86.4000000000015,14138.78,14052.38,14154.03,14019.5
04/23/2021,155.439999999999,14016.81,13861.37,14062.74,13856.83
04/22/2021,-134.16,13818.41,13952.57,14015.87,13771.04
04/21/2021,204.449999999999,13950.22,13745.77,13951.35,13706.86
04/20/2021,-108.189999999999,13786.27,13894.46,13927.67,13698.67
04/19/2021,-69.8099999999995,13914.77,13984.58,14041.79,13842.57
04/16/2021,-6.77000000000044,14052.34,14059.11,14062.5,13977.05
04/15/2021,55.5300000000007,14038.76,13983.23,14049.13,13970.42
04/14/2021,-147.43,13857.84,14005.27,14033.63,13839.04
04/13/2021,93.6499999999996,13996.1,13902.45,14011.51,13902.45
04/12/2021,-4.44000000000051,13850,13854.44,13877,13783.95
04/09/2021,113.18,13900.19,13787.01,13905.41,13748.35
04/08/2021,32.4200000000001,13829.31,13796.89,13830.14,13758.71
04/07/2021,13.5400000000009,13688.84,13675.3,13733.03,13653.59
04/06/2021,16.7099999999991,13698.38,13681.67,13776.71,13674.28
04/05/2021,110.690000000001,13705.59,13594.9,13720.58,13582.76
04/01/2021,65.7900000000009,13480.11,13414.32,13487.08,13404.18
03/31/2021,124.300000000001,13246.87,13122.57,13325.54,13118.38
03/30/2021,36.5900000000001,13045.39,13008.8,13075.75,12922.57
03/29/2021,-44.3199999999997,13059.65,13103.97,13143.41,12968.16
03/26/2021,142.689999999999,13138.72,12996.03,13149.55,12878.72
03/25/2021,133.1,12977.68,12844.58,13021.86,12786.81
03/24/2021,-327.35,12961.89,13289.24,13292.92,12961.35
03/23/2021,-153.73,13227.7,13381.43,13405.14,13202.43
03/22/2021,98.7600000000002,13377.54,13278.78,13455.64,13278.78
03/19/2021,95.3400000000002,13215.24,13119.9,13252.37,13039.45
03/18/2021,-233.030000000001,13116.17,13349.2,13384.46,13101.92
03/17/2021,188.290000000001,13525.2,13336.91,13595,13272.69
03/16/2021,-51.6000000000004,13471.57,13523.17,13620.71,13397.08
03/15/2021,136.24,13459.71,13323.47,13460.35,13272.5
03/12/2021,97.0500000000011,13319.86,13222.81,13324.69,13158.72
03/11/2021,125.360000000001,13398.67,13273.31,13433.62,13246.33
03/10/2021,-165.9,13068.83,13234.73,13277.11,13035.44
03/09/2021,150.75,13073.82,12923.07,13151.54,12882.49
03/08/2021,-295.1,12609.16,12904.26,13001,12599.23
03/05/2021,60.1099999999988,12920.15,12860.04,12941.21,12397.05
03/04/2021,-230.52,12723.47,12953.99,13068.71,12553.96
03/03/2021,-338.5,12997.75,13336.25,13372.52,12995.07
03/02/2021,-240.66,13358.79,13599.45,13601.33,13352
03/01/2021,182.67,13588.83,13406.16,13596.59,13362.66
02/26/2021,0,13192.35,13192.35,13368.06,13024.53
02/25/2021,-393.209999999999,13119.43,13512.64,13602.86,13066.38
02/24/2021,197.719999999999,13597.97,13400.25,13607.36,13286.59
02/23/2021,202.59,13465.2,13262.61,13526.09,13003.98
02/22/2021,-181.150000000001,13533.05,13714.2,13757.06,13530.96
02/19/2021,-54.7400000000016,13874.46,13929.2,13985.58,13842.6
02/18/2021,50.6900000000005,13865.36,13814.67,13905.96,13714.35
02/17/2021,53.8400000000001,13965.49,13911.65,13976.43,13804.26
02/16/2021,-104.709999999999,14047.5,14152.21,14175.11,13995.45
02/12/2021,116.26,14095.47,13979.21,14102.04,13937.71
02/11/2021,-19.4399999999987,14025.77,14045.21,14058.91,13916.85
02/10/2021,-120.82,13972.53,14093.35,14109.12,13845.47
02/09/2021,40.8900000000012,14007.7,13966.81,14044.95,13966.55
02/08/2021,50.5799999999999,13987.64,13937.06,13987.74,13894.15
02/05/2021,31.4200000000001,13856.3,13824.88,13878.16,13761.66
02/04/2021,103.68,13777.74,13674.06,13778.42,13631.62
02/03/2021,-107.769999999999,13610.54,13718.31,13723.83,13585.34
02/02/2021,69.6800000000003,13612.78,13543.1,13652.69,13535.86
02/01/2021,177.209999999999,13403.39,13226.18,13431.46,13132.47
01/29/2021,-214.029999999999,13070.69,13284.72,13322,12985.05
01/28/2021,13.869999999999,13337.16,13323.29,13507.64,13316.52
01/27/2021,-215.98,13270.6,13486.58,13538.42,13192.91
01/26/2021,-55.6599999999999,13626.06,13681.72,13702.69,13603.19
01/25/2021,-45.2199999999993,13635.99,13681.21,13728.98,13368.68
01/22/2021,68.25,13543.06,13474.81,13567.14,13463.66
01/21/2021,9.43000000000029,13530.91,13521.48,13560.35,13454.07
01/20/2021,114.700000000001,13457.25,13342.55,13486.13,13329.77
01/19/2021,64.4500000000007,13197.18,13132.73,13206.86,13078.7
01/15/2021,-101.4,12998.5,13099.9,13139.83,12949.76
01/14/2021,-62.1100000000006,13112.64,13174.75,13220.16,13098.41
01/13/2021,40.9400000000005,13128.95,13088.01,13171.15,13051.06
01/12/2021,10.3700000000008,13072.43,13062.06,13105.04,12963.92
01/11/2021,-12.3500000000004,13036.43,13048.78,13138.27,12999.51
01/08/2021,41.7600000000002,13201.98,13160.22,13208.09,13036.55
01/07/2021,200.139999999999,13067.48,12867.34,13090.91,12867.34
01/06/2021,74.6400000000012,12740.79,12666.15,12909.63,12649.99
01/05/2021,153.309999999999,12818.96,12665.65,12828.27,12665.65
01/04/2021,-260.07,12698.45,12958.52,12958.72,12543.24
12/31/2020,11.1900000000005,12888.28,12877.09,12902.07,12821.23
12/30/2020,-36.5100000000002,12870,12906.51,12924.93,12857.76
12/29/2020,-115.17,12850.22,12965.39,12973.33,12821.96
12/28/2020,-15.2199999999993,12899.42,12914.64,12930.89,12827.45
12/24/2020,13.1899999999987,12804.73,12791.54,12833.55,12767.64
12/23/2020,-63.8299999999999,12771.11,12834.94,12841.92,12758.67
12/22/2020,22.7000000000007,12807.92,12785.22,12840.57,12695.31
12/21/2020,146.380000000001,12742.52,12596.14,12751.27,12525.22
12/18/2020,-49.2900000000009,12755.64,12804.93,12809.6,12654.6
12/17/2020,33.9699999999993,12764.75,12730.78,12765.25,12696.35
12/16/2020,47.1499999999996,12658.19,12611.04,12687.32,12566.38
12/15/2020,51.7999999999993,12595.06,12543.26,12596.13,12465.42
12/14/2020,-7.39999999999964,12440.04,12447.44,12543,12432.71
12/11/2020,41.0799999999999,12377.87,12336.79,12383.5,12246.77
12/10/2020,158.26,12405.81,12247.55,12431.56,12214.74
12/09/2020,-252.74,12338.95,12591.69,12607.14,12290.78
12/08/2020,79.6000000000004,12582.77,12503.17,12594.54,12453.21
12/07/2020,58.9500000000007,12519.95,12461,12536.23,12460.55
12/04/2020,64.9099999999999,12464.23,12399.32,12464.23,12376.44
12/03/2020,7.92000000000007,12377.18,12369.26,12439.02,12356.99
12/02/2020,63.6200000000008,12349.37,12285.75,12360.06,12217.35
12/01/2020,41.75,12355.11,12313.36,12405.79,12263.93
11/30/2020,-25.5100000000002,12198.74,12224.25,12244.65,12027.16
11/27/2020,46.6700000000001,12205.85,12159.18,12236.23,12154.57
11/25/2020,25.0599999999995,12094.4,12069.34,12114.77,12020.95
11/24/2020,98,12037.33,11939.33,12049.88,11863.45
11/23/2020,-35.5900000000001,11881.17,11916.76,11949.33,11796.53
11/20/2020,-37.7300000000014,11854.97,11892.7,11935.47,11852.51
11/19/2020,125.669999999998,11904.71,11779.04,11912.63,11760.98
11/18/2020,-94.4599999999991,11801.6,11896.06,11942.49,11799.96
11/17/2020,-14.0100000000002,11899.34,11913.35,11950.18,11852.41
11/16/2020,77.0199999999986,11924.13,11847.11,11937.72,11814.89
11/13/2020,34.3500000000004,11829.29,11794.94,11849.79,11715.52
11/12/2020,-92.9099999999999,11709.59,11802.5,11847.84,11666.37
11/11/2020,129.780000000001,11786.43,11656.65,11793.57,11638.9
11/10/2020,-68.5799999999999,11553.86,11622.44,11665.87,11424.61
11/09/2020,-332.879999999999,11713.78,12046.66,12108.07,11703.49
11/06/2020,25.3299999999999,11895.23,11869.9,11920.54,11737.13
11/05/2020,74.6000000000004,11890.93,11816.33,11924.28,11784.15
11/04/2020,147.01,11590.78,11443.77,11663.31,11394.21
11/03/2020,121.91,11160.57,11038.66,11213.92,11004.84
11/02/2020,-52.8400000000002,10957.61,11010.45,11071.08,10830.95
10/30/2020,-191.879999999999,10911.59,11103.47,11129.81,10822.57
10/29/2020,121.120000000001,11185.59,11064.47,11287.63,11030.19
10/28/2020,-226.029999999999,11004.87,11230.9,11249.95,10999.07
10/27/2020,22.0100000000002,11431.35,11409.34,11465.06,11361.86
10/26/2020,-81.6999999999989,11358.94,11440.64,11545.63,11221.06
10/23/2020,12.2800000000007,11548.28,11536,11548.85,11434.86
10/22/2020,-20.9599999999991,11506.01,11526.97,11548.77,11369.29
10/21/2020,-45.6999999999989,11484.69,11530.39,11613.79,11476.08
10/20/2020,-93.0699999999997,11516.49,11609.56,11632.89,11471.23
10/19/2020,-253.460000000001,11478.88,11732.34,11778.11,11454.57
10/16/2020,-90.2700000000004,11671.56,11761.83,11827.42,11648.53
10/15/2020,153.990000000002,11713.87,11559.88,11740.68,11559.1
10/14/2020,-120.34,11768.73,11889.07,11939.92,11714.35
10/13/2020,-37.8600000000006,11863.9,11901.76,11946.98,11821.83
10/12/2020,143.940000000001,11876.26,11732.32,11965.54,11704.13
10/09/2020,92.3400000000001,11579.94,11487.6,11581.23,11476.66
10/08/2020,-22.3700000000008,11420.98,11443.35,11448.23,11384.33
10/07/2020,92.9200000000001,11364.6,11271.68,11380.56,11258.35
10/06/2020,-159.93,11154.6,11314.53,11392.41,11124.45
10/05/2020,163.379999999999,11332.49,11169.11,11335.21,11162.52
10/02/2020,-7.51000000000022,11075.02,11082.53,11244.87,11033.69
10/01/2020,34.5200000000004,11326.51,11291.99,11344.13,11240.53
09/30/2020,74.6100000000006,11167.51,11092.9,11277.96,11092.9
09/29/2020,-23.75,11085.25,11109,11153.23,11065.63
09/28/2020,33.1400000000012,11117.52,11084.38,11120.79,11019.14
09/25/2020,233.1,10913.56,10680.46,10939.55,10639.98
09/24/2020,121.25,10672.27,10551.02,10799.55,10520.22
09/23/2020,-317.83,10632.99,10950.82,10962.03,10612.91
09/22/2020,90.3400000000002,10963.64,10873.3,10979.65,10737.52
09/21/2020,242.719999999999,10778.8,10536.08,10782.74,10519.49
09/18/2020,-180.17,10793.28,10973.45,10977.68,10639.95
09/17/2020,114.230000000001,10910.28,10796.05,10974.45,10783.81
09/16/2020,-171.610000000001,11050.47,11222.08,11245.42,11046.43
09/15/2020,-10.9300000000003,11190.32,11201.25,11244.46,11127.98
09/14/2020,46.5100000000002,11056.65,11010.14,11118.29,10982.26
09/11/2020,-156.52,10853.55,11010.07,11033.04,10728.03
09/10/2020,-315.94,10919.59,11235.53,11299.53,10875.02
09/09/2020,76.7999999999993,11141.56,11064.76,11217.69,10970.45
09/08/2020,-53,10847.69,10900.69,11131.5,10837.2
09/04/2020,-83.1100000000006,11313.13,11396.24,11531.18,10875.87
09/03/2020,-403.799999999999,11458.1,11861.9,11894.4,11361.36
09/02/2020,9.18000000000029,12056.44,12047.26,12074.06,11836.18
09/01/2020,88.7100000000009,11939.67,11850.96,11945.72,11794.78
08/31/2020,56.6499999999996,11775.46,11718.81,11829.84,11697.41
08/28/2020,6.34999999999855,11695.63,11689.28,11708.77,11634.77
08/27/2020,-62.8500000000004,11625.34,11688.19,11730.01,11551.01
08/26/2020,148.439999999999,11665.06,11516.62,11672.05,11507.46
08/25/2020,96.2399999999998,11466.47,11370.23,11468.26,11343.04
08/24/2020,-69.5300000000007,11379.72,11449.25,11462.05,11297.53
08/21/2020,53.3599999999988,11311.8,11258.44,11326.21,11245.44
08/20/2020,168.550000000001,11264.95,11096.4,11283.62,11090.03
08/19/2020,-68.3400000000002,11146.46,11214.8,11257.42,11132.1
08/18/2020,40.0900000000001,11210.84,11170.75,11230.61,11103.83
08/17/2020,46.4899999999998,11129.73,11083.24,11144.53,11080.3
08/14/2020,-22.9400000000005,11019.3,11042.24,11058.44,10972.06
08/13/2020,15.6399999999994,11042.5,11026.86,11124.85,11007.5
08/12/2020,134.119999999999,11012.24,10878.12,11036.72,10877.16
08/11/2020,-159.84,10782.82,10942.66,10989.42,10762.71
08/10/2020,-65.3599999999988,10968.36,11033.72,11040.24,10849.46
08/07/2020,-61.5500000000011,11010.98,11072.53,11126.04,10920.37
08/06/2020,118.09,11108.07,10989.98,11121.19,10963.41
08/05/2020,30.5299999999988,10998.4,10967.87,11002.11,10943.72
08/04/2020,24.2700000000004,10941.17,10916.9,10941.91,10852.9
08/03/2020,54.1599999999999,10902.8,10848.64,10927.56,10831.15
07/31/2020,3.80000000000109,10745.27,10741.47,10747.8,10557.7
07/30/2020,137.689999999999,10587.81,10450.12,10609.59,10412.09
07/29/2020,68.2399999999998,10542.94,10474.7,10567.91,10464
07/28/2020,-107.110000000001,10402.09,10509.2,10523.64,10397.87
07/27/2020,114.57,10536.27,10421.7,10546.44,10399.86
07/24/2020,68.7700000000004,10363.18,10294.41,10418.75,10217.31
07/23/2020,-228.08,10461.42,10689.5,10728.12,10407.87
07/22/2020,18.5499999999993,10706.13,10687.58,10745.32,10627.45
07/21/2020,-157.519999999999,10680.36,10837.88,10839.93,10650.46
07/20/2020,241.07,10767.09,10526.02,10783.8,10488.04
07/17/2020,2.67000000000007,10503.19,10500.52,10532.62,10421.21
07/16/2020,29.9599999999991,10473.83,10443.87,10499.79,10364.39
07/15/2020,-26.2299999999996,10550.49,10576.72,10604.67,10420.54
07/14/2020,178.33,10488.58,10310.25,10497.83,10182.46
07/13/2020,-339.08,10390.84,10729.92,10824.78,10368.04
07/10/2020,71.5300000000007,10617.44,10545.91,10622.35,10447.01
07/09/2020,-15.9699999999993,10547.75,10563.72,10578.1,10379.91
07/08/2020,83.1499999999996,10492.5,10409.35,10494.63,10350.96
07/07/2020,-68.5699999999997,10343.89,10412.46,10518.98,10337.98
07/06/2020,73.2700000000004,10433.65,10360.38,10462.05,10354.98
07/02/2020,-61.0400000000009,10207.63,10268.67,10310.36,10194.06
07/01/2020,90.9599999999991,10154.63,10063.67,10197.19,10048.04
06/30/2020,183.48,10058.77,9875.29,10085.59,9863.67
06/29/2020,102.43,9874.15,9771.72,9877.34,9663.61
06/26/2020,-237.900000000001,9757.22,9995.12,10000.67,9749.07
06/25/2020,117.639999999999,10017,9899.36,10023.28,9810.47
06/24/2020,-183.75,9909.17,10092.92,10137.5,9842.22
06/23/2020,0.540000000000873,10131.37,10130.83,10221.85,10112.44
06/22/2020,110.98,10056.47,9945.49,10059.61,9916.6
06/19/2020,-96.0099999999984,9946.12,10042.13,10053.91,9872.94
06/18/2020,50.5699999999997,9943.05,9892.48,9959.2,9885.66
06/17/2020,-32.7799999999988,9910.53,9943.31,9991.21,9891.81
06/16/2020,-53.9099999999999,9895.87,9949.78,9963.63,9748.38
06/15/2020,299.120000000001,9726.02,9426.9,9756.07,9403
06/12/2020,-127.060000000001,9588.81,9715.87,9768.64,9413.62
06/11/2020,-298.51,9492.73,9791.24,9868.08,9491.3
06/10/2020,8.03000000000066,10020.35,10012.32,10086.89,9962.58
06/09/2020,86.5599999999995,9953.75,9867.19,10002.5,9863.27
06/08/2020,101.299999999999,9924.74,9823.44,9927.13,9780.61
06/05/2020,110.539999999999,9814.08,9703.54,9845.69,9685.35
06/04/2020,-33.8400000000001,9615.81,9649.65,9716.14,9560.41
06/03/2020,31.0499999999993,9682.91,9651.86,9707.78,9627.18
06/02/2020,41.8400000000001,9608.37,9566.53,9611.22,9472.08
06/01/2020,80.6299999999992,9552.05,9471.42,9571.28,9462.32
05/29/2020,107.52,9489.87,9382.35,9505.55,9324.73
05/28/2020,-24,9368.99,9392.99,9523.64,9345.28
05/27/2020,66.2399999999998,9412.36,9346.12,9414.62,9144.28
05/26/2020,-160.99,9340.22,9501.21,9501.21,9333.16
05/22/2020,46.0400000000009,9324.59,9278.55,9328.28,9239.41
05/21/2020,-90.3100000000013,9284.88,9375.19,9405.25,9254.85
05/20/2020,70.1599999999999,9375.78,9305.62,9392.82,9304.2
05/19/2020,-42.3599999999988,9185.1,9227.46,9317.25,9183.25
05/18/2020,57.6800000000003,9234.83,9177.15,9267.22,9154.35
05/15/2020,174.57,9014.56,8839.99,9018.4,8821.38
05/14/2020,155.679999999998,8943.72,8788.04,8945.71,8705.25
05/13/2020,-142.879999999999,8863.17,9006.05,9074.16,8752.68
05/12/2020,-222.59,9002.55,9225.14,9250.96,9000.06
05/11/2020,137.43,9192.34,9054.91,9241.92,9053.17
05/08/2020,64.4300000000003,9121.32,9056.89,9125.98,9018.21
05/07/2020,5.8799999999992,8979.66,8973.78,9015.99,8932.85
05/06/2020,-20.3100000000013,8854.39,8874.7,8933.25,8819.37
05/05/2020,-0.539999999999054,8809.12,8809.66,8909.96,8781.31
05/04/2020,155.389999999999,8710.71,8555.32,8715.82,8537.83
05/01/2020,-76.3400000000001,8604.95,8681.29,8754.46,8566.84
04/30/2020,-21.4600000000009,8889.55,8911.01,8926.11,8825.83
04/29/2020,112.009999999998,8914.71,8802.7,8957.26,8765.01
04/28/2020,-217.950000000001,8607.73,8825.68,8830.57,8600.7
04/27/2020,12.1800000000003,8730.16,8717.98,8754.57,8697.37
04/24/2020,104.440000000001,8634.52,8530.08,8642.93,8464.42
04/23/2020,-34.0900000000001,8494.75,8528.84,8635.22,8475.2
04/22/2020,60.8299999999999,8495.38,8434.55,8537.31,8404.54
04/21/2020,-197.460000000001,8263.23,8460.69,8480.29,8215.69
04/20/2020,7.35999999999876,8560.73,8553.37,8684.91,8553.37
04/17/2020,-17.3400000000001,8650.14,8667.48,8670.3,8531.69
04/16/2020,53.25,8532.36,8479.11,8560.16,8393.27
04/15/2020,37.2200000000012,8393.18,8355.96,8464.66,8308.79
04/14/2020,162.530000000001,8515.74,8353.21,8531.11,8338.09
04/13/2020,64.7300000000005,8192.42,8127.69,8200.44,8035.95
04/09/2020,-15.4300000000003,8153.58,8169.01,8227.91,8072.32
04/08/2020,115.179999999999,8090.9,7975.72,8114.43,7901.94
04/07/2020,-242.73,7887.26,8129.99,8146.43,7881.22
04/06/2020,253.07,7913.24,7660.17,7938.33,7617.79
04/03/2020,-104.190000000001,7373.08,7477.27,7518.72,7288.11
04/02/2020,169.860000000001,7487.31,7317.45,7501.7,7307.95
04/01/2020,-98.9200000000001,7360.58,7459.5,7566.37,7301.98
03/31/2020,-39.96,7700.1,7740.06,7880.31,7642.86
03/30/2020,190.69,7774.15,7583.46,7784.35,7539.97
03/27/2020,-51.8699999999999,7502.38,7554.25,7716.24,7491.13
03/26/2020,335.33,7797.54,7462.21,7809.82,7462.21
03/25/2020,-37.0599999999995,7384.3,7421.36,7671.21,7276.4
03/24/2020,221.71,7417.86,7196.15,7418.37,7169.86
03/23/2020,13.3900000000003,6860.67,6847.28,6984.94,6631.42
03/20/2020,-368.549999999999,6879.52,7248.07,7354.44,6854.67
03/19/2020,154.13,7150.58,6996.45,7341.38,6858.38
03/18/2020,87.5200000000004,6989.84,6902.32,7182.83,6686.36
03/17/2020,262.78,7334.78,7072,7406.23,6828.91
03/16/2020,-488.139999999999,6904.59,7392.73,7422.2,6882.86
03/13/2020,264.49,7874.88,7610.39,7875.93,7219.09
03/12/2020,-196.78,7201.8,7398.58,7712.33,7194.67
03/11/2020,-184.2,7952.05,8136.25,8181.36,7850.95
03/10/2020,124.49,8344.25,8219.76,8347.4,7930.43
03/09/2020,-7.25,7950.68,7957.93,8243.31,7943.16
03/06/2020,106.6,8575.62,8469.02,8612.36,8375.13
03/05/2020,-51.4899999999998,8738.6,8790.09,8921.08,8677.39
03/04/2020,183.99,9018.09,8834.1,9019.96,8757.66
03/03/2020,-281.01,8684.09,8965.1,9070.32,8602.89
03/02/2020,285.02,8952.16,8667.14,8952.81,8543.35
02/28/2020,297.630000000001,8567.37,8269.74,8591.82,8264.16
02/27/2020,-177.550000000001,8566.48,8744.03,8904.11,8562.05
02/26/2020,-30.7799999999988,8980.77,9011.55,9148.32,8927.8
02/25/2020,-335.59,8965.61,9301.2,9315.26,8940.49
02/24/2020,32.8400000000001,9221.28,9188.44,9322.88,9166.01
02/21/2020,-131.42,9576.59,9708.01,9715.95,9542.33
02/20/2020,-48.2400000000016,9750.96,9799.2,9820.86,9636.94
02/19/2020,34.3700000000008,9817.18,9782.81,9838.37,9777.1
02/18/2020,53.6999999999989,9732.74,9679.04,9747.68,9675.8
02/14/2020,2.28000000000065,9731.18,9728.9,9746.36,9693.05
02/13/2020,54.9299999999985,9711.97,9657.04,9748.32,9650.02
02/12/2020,37.3599999999988,9725.96,9688.6,9728.77,9666.68
02/11/2020,-41.9499999999989,9638.94,9680.89,9714.74,9617.21
02/10/2020,134.76,9628.39,9493.63,9628.66,9493.63
02/07/2020,-6.1299999999992,9520.51,9526.64,9570.09,9496.53
02/06/2020,31.1700000000001,9572.15,9540.98,9575.66,9505.68
02/05/2020,-65.4200000000001,9508.68,9574.1,9574.94,9454.93
02/04/2020,69.5799999999999,9467.97,9398.39,9485.38,9374.05
02/03/2020,82.6800000000003,9273.4,9190.72,9299.85,9188.55
01/31/2020,-133.99,9150.94,9284.93,9324.8,9123.22
01/30/2020,87.7800000000007,9298.93,9211.15,9303,9185.18
01/29/2020,-43.1000000000004,9275.16,9318.26,9329.11,9249.04
01/28/2020,67.8600000000006,9269.68,9201.82,9288.87,9182.33
01/27/2020,46.8500000000004,9139.31,9092.46,9185.45,9088.04
01/24/2020,-131.290000000001,9314.91,9446.2,9451.43,9273.23
01/23/2020,24.7600000000002,9402.48,9377.72,9409.2,9334.13
01/22/2020,-29.8400000000001,9383.77,9413.61,9439.29,9375.13
01/21/2020,9.73999999999978,9370.81,9361.07,9397.58,9350.2
01/17/2020,-3.43000000000029,9388.94,9392.37,9393.48,9346.81
01/16/2020,43.6799999999985,9357.13,9313.45,9357.92,9301.32
01/15/2020,4.94000000000051,9258.7,9253.76,9298.82,9231.14
01/14/2020,-19.2800000000007,9251.33,9270.61,9298.33,9226.49
01/13/2020,60.210000000001,9273.93,9213.72,9274.49,9193.06
01/10/2020,-54.0799999999999,9178.86,9232.94,9235.2,9164.66
01/09/2020,1.15999999999985,9203.43,9202.27,9215.95,9158.5
01/08/2020,61.2099999999991,9129.24,9068.03,9168.89,9059.38
01/07/2020,-8.05999999999949,9068.58,9076.64,9091.93,9042.55
01/06/2020,127.959999999999,9071.46,8943.5,9072.41,8943.5
01/03/2020,44.3400000000001,9020.77,8976.43,9065.76,8976.43
01/02/2020,52.7300000000014,9092.19,9039.46,9093.43,9010.89
12/31/2019,53.8600000000006,8972.6,8918.74,8975.35,8912.77
12/30/2019,-58.4600000000009,8945.99,9004.45,9006.36,8909.19
12/27/2019,-42.8499999999985,9006.62,9049.47,9052,8987.32
12/26/2019,52.1800000000003,9022.39,8970.21,9022.46,8968.45
12/24/2019,-2.13000000000102,8952.88,8955.01,8957.12,8934.36
12/23/2019,-4.55000000000109,8945.65,8950.2,8956.64,8934.55
12/20/2019,13.119999999999,8924.96,8911.84,8931.91,8901.87
12/19/2019,48.25,8887.22,8838.97,8888.13,8838.97
12/18/2019,-6.92000000000007,8827.73,8834.65,8848.76,8820.42
12/17/2019,-6.10999999999876,8823.36,8829.47,8831.99,8804.6
12/16/2019,22.9200000000001,8814.23,8791.31,8833.45,8789.77
12/13/2019,20.9699999999993,8734.88,8713.91,8768.87,8697.58
12/12/2019,71.9599999999991,8717.32,8645.36,8745.82,8633.6
12/11/2019,22.9299999999985,8654.05,8631.12,8658.48,8622.35
12/10/2019,-7.3799999999992,8616.18,8623.56,8650.76,8600.82
12/09/2019,-29.0300000000007,8621.83,8650.86,8678.85,8619.77
12/06/2019,22.2800000000007,8656.53,8634.25,8665.44,8630.57
12/05/2019,-17.2299999999996,8570.7,8587.93,8588.89,8541.92
12/04/2019,9.21999999999935,8566.67,8557.45,8584.88,8552.38
12/03/2019,59.9200000000001,8520.64,8460.72,8523.98,8435.4
12/02/2019,-104.85,8567.99,8672.84,8672.84,8540.16
11/29/2019,-16.5400000000009,8665.47,8682.01,8697.32,8664.04
11/27/2019,35.5900000000001,8705.18,8669.59,8705.91,8662.58
11/26/2019,12.5300000000007,8647.93,8635.4,8659.73,8625.62
11/25/2019,72.8400000000002,8632.49,8559.65,8633.15,8559.65
11/22/2019,-10.6600000000017,8519.88,8530.54,8535.46,8477.49
11/21/2019,-21.6600000000017,8506.21,8527.87,8530.73,8487.29
11/20/2019,-16.8400000000001,8526.73,8543.57,8578.27,8468.63
11/19/2019,-7.36000000000058,8570.66,8578.02,8589.76,8536.73
11/18/2019,20.7800000000007,8549.94,8529.16,8559.78,8503.62
11/15/2019,16.3500000000004,8540.83,8524.48,8540.83,8506.8
11/14/2019,17.9600000000009,8479.02,8461.06,8485.36,8441.58
11/13/2019,27.0799999999999,8482.1,8455.02,8496.9,8451.34
11/12/2019,15.0200000000004,8486.09,8471.07,8514.84,8462.99
11/11/2019,33.0200000000004,8464.28,8431.26,8467.29,8425.48
11/08/2019,52.6399999999994,8475.31,8422.67,8475.57,8405.89
11/07/2019,-20.5900000000001,8434.52,8455.11,8483.16,8415.87
11/06/2019,-15.9400000000005,8410.63,8426.57,8426.57,8379.33
11/05/2019,-11.9400000000005,8434.68,8446.62,8457.39,8421.05
11/04/2019,-12.2999999999993,8433.2,8445.5,8451.37,8421.3
11/01/2019,51.3500000000004,8386.4,8335.05,8386.75,8326.56
10/31/2019,-22.0199999999986,8292.36,8314.38,8321.8,8248.81
10/30/2019,19.6999999999989,8303.98,8284.28,8315.5,8241.7
10/29/2019,-36.5,8276.85,8313.35,8319.29,8275.14
10/28/2019,40.2199999999993,8325.99,8285.77,8335.56,8285.27
10/25/2019,92.5300000000007,8243.12,8150.59,8249.97,8150.59
10/24/2019,5.76000000000022,8185.8,8180.04,8187.84,8137.66
10/23/2019,29.5500000000002,8119.79,8090.24,8122.88,8078.35
10/22/2019,-83.8199999999997,8104.3,8188.12,8194.62,8101.98
10/21/2019,25.5699999999997,8162.99,8137.42,8164.14,8117.26
10/18/2019,-60.3100000000004,8089.54,8149.85,8157.36,8045.37
10/17/2019,-20.0599999999995,8156.85,8176.91,8183.64,8131.25
10/16/2019,4.36999999999989,8124.18,8119.81,8146.15,8103.38
10/15/2019,73.8599999999997,8148.71,8074.85,8166.18,8071.81
10/14/2019,4.29999999999927,8048.65,8044.35,8069.85,8036.41
10/11/2019,-28.1599999999999,8057.04,8085.2,8115.8,8046.8
10/10/2019,46.2199999999993,7950.78,7904.56,7982.84,7899.81
10/09/2019,7.77999999999975,7903.74,7895.96,7930.92,7873.52
10/08/2019,-74.4900000000007,7823.78,7898.27,7921.88,7823.73
10/07/2019,-0.119999999999891,7956.29,7956.41,8013.31,7942.08
10/04/2019,74.0300000000007,7982.47,7908.44,7986.62,7899.39
10/03/2019,85.2399999999998,7872.26,7787.02,7872.26,7700
10/02/2019,-65.8800000000001,7785.25,7851.13,7852.7,7744.96
10/01/2019,-118.15,7908.68,8026.83,8062.5,7906.29
09/30/2019,35.25,7999.34,7964.09,8012.16,7949.63
09/27/2019,-107.48,7939.63,8047.11,8051.83,7890.28
09/26/2019,-39.46,8030.66,8070.12,8072.11,7991.02
09/25/2019,86.7200000000003,8077.38,7990.66,8095,7935.57
09/24/2019,-153.599999999999,7993.63,8147.23,8158.83,7969.65
09/23/2019,5.97000000000025,8112.46,8106.49,8135.81,8085.34
09/20/2019,-67.21,8117.67,8184.88,8202.82,8086.16
09/19/2019,-10.71,8182.88,8193.59,8237.43,8174.32
09/18/2019,2.77000000000044,8177.39,8174.62,8179.87,8086.22
09/17/2019,37.3700000000008,8186.02,8148.65,8188.23,8139.82
09/16/2019,31.8999999999996,8153.54,8121.64,8165.33,8121.25
09/13/2019,-13.8599999999997,8176.71,8190.57,8210.2,8165.47
09/12/2019,-12.1100000000006,8194.47,8206.58,8243.8,8176.73
09/11/2019,78,8169.68,8091.68,8169.68,8081.56
09/10/2019,34.1800000000003,8084.16,8049.98,8086.53,8001.68
09/09/2019,-43.4700000000003,8087.44,8130.91,8131.66,8052.34
09/06/2019,-22.5100000000002,8103.07,8125.58,8134.39,8098.52
09/05/2019,55.54,8116.83,8061.29,8134.42,8061.29
09/04/2019,27.0699999999997,7976.88,7949.81,7981.41,7928.94
09/03/2019,-32.2799999999997,7874.16,7906.44,7940.37,7847.32
08/30/2019,-52.2799999999998,7962.88,8015.16,8017.91,7914.74
08/29/2019,27.6100000000006,7973.39,7945.78,7992.29,7925.83
08/28/2019,58.5299999999998,7856.88,7798.35,7866.87,7766.67
08/27/2019,-81.8299999999999,7826.95,7908.78,7916.83,7795.18
08/26/2019,24.1599999999999,7853.74,7829.58,7856.04,7789.05
08/23/2019,-191.879999999999,7751.77,7943.65,8005.34,7730.77
08/22/2019,-47.3999999999996,7991.39,8038.79,8048.58,7937.12
08/21/2019,3.14000000000033,8020.21,8017.07,8036.94,7998.5
08/20/2019,-40.7999999999993,7948.56,7989.36,8010.58,7948.09
08/19/2019,-3.36999999999989,8002.81,8006.18,8026.75,7974.36
08/16/2019,67.6399999999994,7895.99,7828.35,7907.52,7828.35
08/15/2019,-23.5799999999999,7766.62,7790.2,7805.93,7716.55
08/14/2019,-103.39,7773.94,7877.33,7900.28,7762.87
08/13/2019,163.99,8016.36,7852.37,8065.24,7851.58
08/12/2019,-44.0799999999999,7863.41,7907.49,7924.99,7833.79
08/09/2019,-38.0499999999993,7959.14,7997.19,8020.56,7910.35
08/08/2019,117.57,8039.16,7921.59,8041.12,7896.15
08/07/2019,115.559999999999,7862.83,7747.27,7881.38,7702.42
08/06/2019,28.7600000000002,7833.27,7804.51,7845.01,7739.57
08/05/2019,-97.29,7726.04,7823.33,7836.45,7662.9
08/02/2019,-52.3500000000004,8004.07,8056.42,8068.8,7953.67
08/01/2019,-79.4400000000005,8111.12,8190.56,8311.04,8080.52
07/31/2019,-115.379999999999,8175.42,8290.8,8299.83,8110.02
07/30/2019,41.8400000000001,8273.61,8231.77,8295.46,8228.02
07/29/2019,-31.7700000000004,8293.33,8325.1,8325.28,8247.37
07/26/2019,35.9099999999999,8330.21,8294.3,8339.64,8291.12
07/25/2019,-56.1399999999994,8238.54,8294.68,8295.95,8233.4
07/24/2019,94.1399999999994,8321.5,8227.36,8321.81,8226.5
07/23/2019,8.89999999999964,8251.4,8242.5,8251.83,8193.89
07/22/2019,32.1499999999996,8204.14,8171.99,8218.42,8171.54
07/19/2019,-94.8500000000004,8146.49,8241.34,8245.78,8144.63
07/18/2019,55.4799999999996,8207.24,8151.76,8215.58,8135.12
07/17/2019,-38.79,8185.21,8224,8230.67,8184.66
07/16/2019,-28.8600000000006,8222.8,8251.66,8259.75,8204.23
07/15/2019,-4.98999999999978,8258.19,8263.18,8264.78,8236.27
07/12/2019,34.9399999999987,8244.14,8209.2,8245.66,8201.52
07/11/2019,-23.2399999999998,8196.04,8219.28,8226.18,8171.63
07/10/2019,19.3400000000011,8202.53,8183.19,8228.6,8160.56
07/09/2019,80.3199999999997,8141.73,8061.41,8146.98,8061.32
07/08/2019,-14.5299999999997,8098.38,8112.91,8112.91,8078.39
07/05/2019,38.5100000000002,8161.79,8123.28,8171.97,8093.66
07/03/2019,40.6599999999999,8170.23,8129.57,8170.23,8122.34
07/02/2019,22.4400000000005,8109.09,8086.65,8109.37,8063.1
07/01/2019,-54.6900000000005,8091.16,8145.85,8150.45,8059.29
06/28/2019,17.4799999999996,8006.24,7988.76,8010.15,7961.46
06/27/2019,28.4000000000005,7967.76,7939.36,7976.58,7935.47
06/26/2019,-23.9499999999998,7909.97,7933.92,7974.28,7903.07
06/25/2019,-120.55,7884.72,8005.27,8007.31,7879.15
06/24/2019,-34.8800000000001,8005.7,8040.58,8047.56,8004.63
06/21/2019,3.02000000000044,8031.71,8028.69,8073.02,8011.2
06/20/2019,-36.1099999999997,8051.34,8087.45,8088.88,7996.87
06/19/2019,17.0599999999995,7987.32,7970.26,7998.59,7930.38
06/18/2019,32.9000000000005,7953.88,7920.98,8005.21,7911.67
06/17/2019,25.5900000000001,7845.02,7819.43,7865.98,7812.61
06/14/2019,-10.5299999999997,7796.66,7807.19,7819.21,7778.12
06/13/2019,14.5699999999997,7837.13,7822.56,7848.36,7813.6
06/12/2019,-10.4099999999999,7792.72,7803.13,7819.16,7773.97
06/11/2019,-78.4700000000003,7822.57,7901.04,7909.99,7798.63
06/10/2019,24.3000000000002,7823.17,7798.87,7895.44,7795.76
06/07/2019,89.1300000000001,7742.1,7652.97,7767.02,7647.91
06/06/2019,33.3100000000004,7615.55,7582.24,7634.12,7546.22
06/05/2019,-10.2000000000007,7575.48,7585.68,7589.47,7498.17
06/04/2019,113.18,7527.12,7413.94,7529.5,7385.02
06/03/2019,-108.19,7333.02,7441.21,7457.66,7292.22
05/31/2019,-17.8000000000002,7453.15,7470.95,7506.86,7448.23
05/30/2019,2.26000000000022,7567.72,7565.46,7595.9,7527.66
05/29/2019,-5.71000000000004,7547.31,7553.02,7581.11,7503.94
05/28/2019,-48.3099999999995,7607.35,7655.66,7693.74,7603.76
05/24/2019,-38.5599999999995,7637.01,7675.57,7694.15,7631.25
05/23/2019,-32.4400000000005,7628.28,7660.72,7665.15,7585.32
05/22/2019,1.03999999999996,7750.84,7749.8,7786.33,7738.35
05/21/2019,20.1500000000005,7785.72,7765.57,7804.44,7752.92
05/20/2019,-11.6800000000003,7702.38,7714.06,7747.27,7678.35
05/17/2019,-12.75,7816.28,7829.03,7918.71,7810.35
05/16/2019,65.4700000000003,7898.05,7832.58,7946.23,7826.67
05/15/2019,139.349999999999,7822.15,7682.8,7838.72,7682.24
05/14/2019,44.8299999999999,7734.49,7689.66,7776.2,7665.3
05/13/2019,-73.0499999999993,7647.02,7720.07,7760.83,7627.22
05/10/2019,35.6299999999992,7916.94,7881.31,7949.34,7759.34
05/09/2019,57.3800000000001,7910.59,7853.21,7929.78,7796.16
05/08/2019,-2.92000000000007,7943.32,7946.24,8004.49,7923.35
05/07/2019,-79.7600000000002,7963.76,8043.52,8070.97,7899.02
05/06/2019,141.44,8123.29,7981.85,8135.54,7981.85
05/03/2019,71.1199999999999,8164,8092.88,8164.71,8084.8
05/02/2019,-9.70999999999913,8036.77,8046.48,8094.06,7976.77
05/01/2019,-83.29,8049.64,8132.93,8146,8048.23
04/30/2019,-9.51999999999953,8095.39,8104.91,8124.61,8050.55
04/29/2019,14.2000000000007,8161.85,8147.65,8176.08,8136.41
04/26/2019,46.1199999999999,8146.4,8100.28,8146.42,8060.89
04/25/2019,-32.1700000000001,8118.68,8150.85,8151.84,8075.41
04/24/2019,-20.8699999999999,8102.01,8122.88,8139.55,8101.7
04/23/2019,94.0699999999997,8120.82,8026.75,8128.87,8023.81
04/22/2019,45.9000000000006,8015.27,7969.37,8017.15,7965.9
04/18/2019,-0.389999999999418,7998.06,7998.45,8002.31,7950.97
04/17/2019,-48.8900000000003,7996.08,8044.97,8052.4,7973.38
04/16/2019,-0.340000000000146,8000.23,8000.57,8017.56,7978.81
04/15/2019,-11.1499999999996,7976.01,7987.16,7993.33,7933.56
04/12/2019,0.0100000000002183,7984.16,7984.15,7992.09,7952.61
04/11/2019,-27.8400000000001,7947.36,7975.2,7975.2,7933.41
04/10/2019,41.5100000000002,7964.24,7922.73,7965.33,7916.9
04/09/2019,-15.4900000000007,7909.28,7924.77,7945.55,7897.61
04/08/2019,28.9899999999998,7953.88,7924.89,7955.9,7891.85
04/05/2019,24.1799999999994,7938.69,7914.51,7940.45,7909.14
04/04/2019,-2.48000000000047,7891.78,7894.26,7917.65,7844.96
04/03/2019,4.36999999999989,7895.55,7891.18,7938.26,7870.9
04/02/2019,24.0799999999999,7848.69,7824.61,7854.92,7811.28
04/01/2019,28.6700000000001,7828.91,7800.24,7831.45,7777.09
03/29/2019,2.60999999999967,7729.32,7726.71,7733.62,7688.51
03/28/2019,9.10000000000036,7669.17,7660.07,7689.16,7619.82
03/27/2019,-58.6700000000001,7643.38,7702.05,7712.84,7582.09
03/26/2019,-8.47999999999956,7691.52,7700,7738.17,7649.21
03/25/2019,18.5600000000004,7637.54,7618.98,7662.38,7579.29
03/22/2019,-157.58,7642.67,7800.25,7817.83,7642.57
03/21/2019,133.53,7838.96,7705.43,7850.11,7705.43
03/20/2019,7.02000000000044,7728.97,7721.95,7779.24,7674.04
03/19/2019,-23.4499999999998,7723.95,7747.4,7767.89,7699.15
03/18/2019,18.0999999999995,7714.48,7696.38,7737.67,7677.74
03/15/2019,30.1199999999999,7688.53,7658.41,7714.96,7652.04
03/14/2019,-13.8800000000001,7630.91,7644.79,7653.1,7627.02
03/13/2019,22.0299999999997,7643.41,7621.38,7677.07,7619.46
03/12/2019,19.1799999999994,7591.03,7571.85,7611.13,7560.46
03/11/2019,115.5,7558.06,7442.56,7558.23,7442.4
03/08/2019,73.79,7408.14,7334.35,7411.52,7332.92
03/07/2019,-62.3299999999999,7421.46,7483.79,7489.08,7397.19
03/06/2019,-69.46,7505.92,7575.38,7579.02,7499.87
03/05/2019,-5.93000000000029,7576.36,7582.29,7598.66,7543.54
03/04/2019,-59.0500000000002,7577.57,7636.62,7643.66,7501.56
03/01/2019,7.90000000000055,7595.35,7587.45,7603.04,7540.75
02/28/2019,-0.780000000000655,7532.53,7533.31,7561.9,7516.48
02/27/2019,28.0900000000001,7554.51,7526.42,7562.29,7485.39
02/26/2019,14.0100000000002,7549.3,7535.29,7573.22,7524.31
02/25/2019,-30.8400000000001,7554.46,7585.3,7602.69,7551.61
02/22/2019,45.9099999999999,7527.54,7481.63,7527.54,7479.01
02/21/2019,-15.6999999999998,7459.71,7475.41,7485.75,7430.89
02/20/2019,-1.24000000000069,7489.07,7490.31,7513.7,7455.25
02/19/2019,36.0200000000004,7486.77,7450.75,7507.79,7450.27
02/15/2019,3.84000000000015,7472.41,7468.57,7477.28,7440.26
02/14/2019,36.6999999999998,7426.95,7390.25,7454.42,7375.71
02/13/2019,-17.0799999999999,7420.38,7437.46,7461.66,7413.84
02/12/2019,55.7699999999995,7414.62,7358.85,7419.43,7349.8
02/11/2019,-19.4700000000003,7307.9,7327.37,7343.56,7290.03
02/08/2019,65.8999999999996,7298.2,7232.3,7299.44,7225.14
02/07/2019,-28.1499999999996,7288.35,7316.5,7336.74,7235.05
02/06/2019,-25.1599999999999,7375.28,7400.44,7410.77,7346.72
02/05/2019,45.7399999999998,7402.08,7356.34,7408.68,7355.36
02/04/2019,81.2600000000002,7347.54,7266.28,7348.23,7261.07
02/01/2019,7.5,7263.87,7256.37,7299.94,7243.41
01/31/2019,73.5699999999997,7281.74,7208.17,7303.12,7205.95
01/30/2019,88.29,7183.08,7094.79,7201.31,7065.57
01/29/2019,-59.1999999999998,7028.29,7087.49,7092.29,7011.47
01/28/2019,10.6700000000001,7085.68,7075.01,7086.3,7034.25
01/25/2019,36.6799999999994,7164.86,7128.18,7174.56,7111.09
01/24/2019,31.21,7073.46,7042.25,7078.96,7029.95
01/23/2019,-35.8799999999992,7025.77,7061.65,7084.85,6953.23
01/22/2019,-89.21,7020.36,7109.57,7110.16,6979.81
01/18/2019,23.1399999999994,7157.23,7134.09,7185.38,7096.62
01/17/2019,74.3299999999999,7084.46,7010.13,7113.95,7003.62
01/16/2019,0.9399999999996,7034.69,7033.75,7079.63,7028.12
01/15/2019,92.4399999999996,7023.83,6931.39,7025.85,6928.12
01/14/2019,-2.10999999999967,6905.92,6908.03,6936.22,6887.48
01/11/2019,24.0199999999995,6971.48,6947.46,6975.65,6933.6
01/10/2019,77.4200000000001,6986.07,6908.65,6991.37,6877.08
01/09/2019,34.0199999999995,6957.08,6923.06,6985.22,6899.56
01/08/2019,3.5600000000004,6897,6893.44,6909.58,6795.86
01/07/2019,65.9400000000005,6823.47,6757.53,6855.6,6741.4
01/04/2019,171.719999999999,6738.86,6567.14,6760.69,6554.24
01/03/2019,-121.27,6463.5,6584.77,6600.21,6457.13
01/02/2019,159.03,6665.94,6506.91,6693.71,6506.88
12/31/2018,-14.2400000000007,6635.28,6649.52,6659.96,6570.06
12/28/2018,-32.2699999999995,6584.52,6616.79,6684.18,6529.22
12/27/2018,122.3,6579.49,6457.19,6583.01,6336.97
12/26/2018,296.5,6554.36,6257.86,6555.53,6214.34
12/24/2018,-85.5699999999997,6192.92,6278.49,6355.18,6190.17
12/21/2018,-240.5,6332.99,6573.49,6586.68,6304.63
12/20/2018,-79.3500000000004,6528.41,6607.76,6666.2,6447.91
12/19/2018,-140.76,6636.83,6777.59,6868.86,6586.5
12/18/2018,-25.9099999999999,6783.91,6809.82,6847.27,6733.71
12/17/2018,-132.73,6753.73,6886.46,6931.81,6710.01
12/14/2018,-75.71,6910.66,6986.37,7027.17,6898.99
12/13/2018,-64.9499999999998,7070.33,7135.28,7154.64,7034.82
12/12/2018,-28.6899999999996,7098.31,7127,7197.29,7096.56
12/11/2018,-89.8299999999999,7031.83,7121.66,7129.83,6983.01
12/10/2018,60.8900000000003,7020.52,6959.63,7047.62,6878.98
12/07/2018,-194.24,6969.25,7163.49,7205.37,6945.27
12/06/2018,171.21,7188.26,7017.05,7189.52,6984.34
12/04/2018,-249.52,7158.43,7407.95,7421.11,7150.11
12/03/2018,-44.6199999999999,7441.51,7486.13,7486.51,7392.22
11/30/2018,51.2399999999998,7330.54,7279.3,7332.79,7255.68
11/29/2018,5.71000000000004,7273.08,7267.37,7319.96,7217.69
11/28/2018,156.51,7291.59,7135.08,7292.71,7090.98
11/27/2018,41.4700000000003,7082.7,7041.23,7105.14,7014.36
11/26/2018,55.3500000000004,7081.85,7026.5,7083.93,7003.12
11/23/2018,19.4599999999991,6938.98,6919.52,6987.89,6919.16
11/21/2018,-13.2600000000002,6972.25,6985.51,7029.92,6951.62
11/20/2018,41.3899999999994,6908.82,6867.43,6994.75,6830.76
11/19/2018,-188.76,7028.48,7217.24,7224.12,7011.4
11/16/2018,54.2699999999995,7247.87,7193.6,7274.86,7171.7
11/15/2018,146.2,7259.03,7112.83,7274.26,7072.36
11/14/2018,-129,7136.39,7265.39,7285.57,7101.17
11/13/2018,-29.8199999999997,7200.87,7230.69,7319.12,7182.86
11/12/2018,-163.18,7200.87,7364.05,7371.09,7193.77
11/09/2018,-61.6100000000006,7406.9,7468.51,7474.34,7349.48
11/08/2018,-13.29,7530.88,7544.17,7566.93,7499.71
11/07/2018,124.66,7570.75,7446.09,7572.93,7435.87
11/06/2018,49.8900000000003,7375.96,7326.07,7400.64,7320.89
11/05/2018,-15.2299999999996,7328.85,7344.08,7349.23,7255.88
11/02/2018,-67.0300000000007,7356.99,7424.02,7466.53,7298.68
11/01/2018,106.240000000001,7434.06,7327.82,7435.88,7286.5
10/31/2018,29.2799999999997,7305.9,7276.62,7368.49,7270.63
10/30/2018,143.78,7161.65,7017.87,7166.84,7001.48
10/29/2018,-222.13,7050.29,7272.42,7295.61,6922.83
10/26/2018,42.0299999999997,7167.21,7125.18,7283.32,7057
10/25/2018,120.85,7318.34,7197.49,7364.82,7178.54
10/24/2018,-314.81,7108.4,7423.21,7435.69,7099
10/23/2018,108.99,7437.54,7328.55,7472.58,7260.13
